GROUP_KEY,CATEGORY,BRAND,DISPLAY_NAME,IMAGE_COUNT,PRIMARY_IMAGE,CONFIDENCE,NEEDS_REVIEW
NO-CAT::NO-BRAND::image,,,image,99,https://ik.imagekit.io/0iaahkrcv/gadgets/image%20(1).webp?updatedAt=1786555401011,LOW,YES
NO-CAT::NO-BRAND::view,,,view,49,https://ik.imagekit.io/0iaahkrcv/gadgets/view%20(1).webp?updatedAt=1786555420330,LOW,YES
C01::Apple::apple-iphone-17-pro-max-b-medium,Smartphones,Apple,Apple Iphone 17 Pro Max b medium,24,https://ik.imagekit.io/0iaahkrcv/ecommerce/All%20iOS%20Smartphones%20-%20Price%20in%20Kenya/Apple-Iphone-17-Pro-Max-b-medium%20(1).webp?updatedAt=1786489224508,MEDIUM,NO
C08::Oraimo::oraimo-original,Audio,Oraimo,oraimo original,23,https://ik.imagekit.io/0iaahkrcv/airbuds/oraimo-original%20(1).webp?updatedAt=1786554852588,HIGH,NO
C01::Samsung::samsung-galaxy-a07-4c-medium,Smartphones,Samsung,Samsung Galaxy A07 4c medium,21,https://ik.imagekit.io/0iaahkrcv/ecommerce/samsung/All%20Samsung%20Smartphones%20-%20Price%20in%20Kenya%20(1)/Samsung-Galaxy-A07-4c-medium%20(1).webp?updatedAt=1786488987232,MEDIUM,NO
C01::Samsung::galaxy-z-fold-5-medium,Smartphones,Samsung,galaxy z fold 5 medium,18,https://ik.imagekit.io/0iaahkrcv/ecommerce/samsung/All%20Samsung%20Smartphones%20-%20Price%20in%20Kenya%20(1)/galaxy-z-fold-5-medium%20(1).webp?updatedAt=1786488987021,MEDIUM,NO
C08::Nothing::nothing-original,Audio,Nothing,nothing original,17,https://ik.imagekit.io/0iaahkrcv/airbuds/nothing-original%20(1).webp?updatedAt=1786554847560,HIGH,NO
C08::Apple::airpods-4-b-medium,Audio,Apple,AirPods 4 b medium,15,https://ik.imagekit.io/0iaahkrcv/airbuds/AirPods-4-b-medium%20(1).webp?updatedAt=1786554837769,HIGH,NO
C01::Apple::apple-iphone-17-pro-max-medium,Smartphones,Apple,Apple Iphone 17 Pro Max medium,15,https://ik.imagekit.io/0iaahkrcv/ecommerce/All%20iOS%20Smartphones%20-%20Price%20in%20Kenya/Apple-Iphone-17-Pro-Max-medium%20(1).webp?updatedAt=1786489224225,MEDIUM,NO
C01::Samsung::samsung-galaxy-note-20-ultra-a-medium,Smartphones,Samsung,samsung galaxy note 20 ultra a medium,15,https://ik.imagekit.io/0iaahkrcv/ecommerce/samsung/All%20Samsung%20Smartphones%20-%20Price%20in%20Kenya%20(3)/samsung-galaxy-note-20-ultra-a-medium%20(1).webp?updatedAt=1786488896346,MEDIUM,NO
C01::Samsung::samsung-galaxy-a17-5g-medium,Smartphones,Samsung,Samsung Galaxy A17 5G medium,14,https://ik.imagekit.io/0iaahkrcv/ecommerce/samsung/All%20Samsung%20Smartphones%20-%20Price%20in%20Kenya%20(1)/Samsung-Galaxy-A17-5G-medium%20(1).webp?updatedAt=1786488996608,MEDIUM,NO
C01::OPPO::blackview-original,Smartphones,OPPO,Blackview original,13,https://ik.imagekit.io/0iaahkrcv/Oppo2/Blackview-original%20(1).webp?updatedAt=1786555550287,HIGH,NO
C01::OPPO::hmd-original,Smartphones,OPPO,hmd original,13,https://ik.imagekit.io/0iaahkrcv/Oppo2/hmd-original%20(1).webp?updatedAt=1786555550214,HIGH,NO
C01::OPPO::nothing-original,Smartphones,OPPO,nothing original,13,https://ik.imagekit.io/0iaahkrcv/Oppo2/nothing-original%20(1).webp?updatedAt=1786555550540,HIGH,NO
C01::OPPO::philips-original,Smartphones,OPPO,Philips original,13,https://ik.imagekit.io/0iaahkrcv/Oppo2/Philips-original%20(1).webp?updatedAt=1786555560014,HIGH,NO
C01::OPPO::zte-original,Smartphones,OPPO,ZTE original,13,https://ik.imagekit.io/0iaahkrcv/Oppo2/ZTE-original%20(1).webp?updatedAt=1786555563293,HIGH,NO
C08::Apple::airpods-pro-3-a-medium,Audio,Apple,airpods pro 3 a medium,12,https://ik.imagekit.io/0iaahkrcv/airbuds/airpods-pro-3-a-medium%20(1).webp?updatedAt=1786554837697,HIGH,NO
C08::Anker Soundcore::anker-soundcore-a30i-medium,Audio,Anker Soundcore,Anker Soundcore A30i medium,12,https://ik.imagekit.io/0iaahkrcv/airbuds/Anker-Soundcore-A30i-medium%20(1).webp?updatedAt=1786554836971,HIGH,NO
C08::Anker Soundcore::anker-soundcore-liberty-4-nc-c-medium,Audio,Anker Soundcore,Anker Soundcore Liberty 4 NC c medium,12,https://ik.imagekit.io/0iaahkrcv/airbuds/Anker-Soundcore-Liberty-4-NC-c-medium%20(1).webp?updatedAt=1786554838266,HIGH,NO
C08::Anker Soundcore::anker-soundcore-p30i-f-medium,Audio,Anker Soundcore,Anker Soundcore P30i f medium,12,https://ik.imagekit.io/0iaahkrcv/airbuds/Anker-Soundcore-P30i-f-medium%20(1).webp?updatedAt=1786554837589,HIGH,NO
C08::Anker Soundcore::anker-soundcore-r50i-e-medium,Audio,Anker Soundcore,Anker Soundcore R50i e medium,12,https://ik.imagekit.io/0iaahkrcv/airbuds/Anker-Soundcore-R50i-e-medium%20(1).webp?updatedAt=1786554838145,HIGH,NO
C08::Samsung::galaxy-buds-3-fe-n-medium,Audio,Samsung,galaxy buds 3 fe n medium,12,https://ik.imagekit.io/0iaahkrcv/airbuds/galaxy-buds-3-fe-n-medium%20(1).webp?updatedAt=1786554841917,HIGH,NO
C08::Samsung::galaxy-buds-core-c-medium,Audio,Samsung,galaxy buds core c medium,12,https://ik.imagekit.io/0iaahkrcv/airbuds/galaxy-buds-core-c-medium%20(1).webp?updatedAt=1786554844804,HIGH,NO
C08::Huawei::huawei-freeclip-2-medium,Audio,Huawei,Huawei FreeClip 2 medium,12,https://ik.imagekit.io/0iaahkrcv/airbuds/Huawei-FreeClip-2-medium%20(1).webp?updatedAt=1786554846646,HIGH,NO
C08::JBL::jbl-live-beam-3-medium,Audio,JBL,JBL Live Beam 3 medium,12,https://ik.imagekit.io/0iaahkrcv/airbuds/JBL-Live-Beam-3-medium%20(1).webp?updatedAt=1786554847254,HIGH,NO
C08::JBL::jbl-live-flex-3-medium,Audio,JBL,JBL Live Flex 3 medium,12,https://ik.imagekit.io/0iaahkrcv/airbuds/JBL-Live-Flex-3-medium%20(1).webp?updatedAt=1786554847087,HIGH,NO
C08::JBL::jbl-tune-buds-2-m-medium,Audio,JBL,JBL Tune Buds 2 m medium,12,https://ik.imagekit.io/0iaahkrcv/airbuds/JBL-Tune-Buds-2-m-medium%20(1).webp?updatedAt=1786554847265,HIGH,NO
C08::Nothing::nothing-cmf-buds-pro-2-c-medium,Audio,Nothing,Nothing CMF Buds Pro 2 c medium,12,https://ik.imagekit.io/0iaahkrcv/airbuds/Nothing-CMF-Buds-Pro-2-c-medium%20(1).webp?updatedAt=1786554847267,HIGH,NO
C08::OnePlus::oneplus-buds-pro-7bkrjvu59n-medium,Audio,OnePlus,oneplus buds pro 7BKRjVu59N medium,12,https://ik.imagekit.io/0iaahkrcv/airbuds/oneplus-buds-pro-7BKRjVu59N-medium%20(1).webp?updatedAt=1786554847710,LOW,YES
C08::Samsung::samsung-galaxy-buds-4-a-medium,Audio,Samsung,Samsung Galaxy Buds 4 a medium,12,https://ik.imagekit.io/0iaahkrcv/airbuds/Samsung-Galaxy-Buds-4-a-medium%20(1).webp?updatedAt=1786554856295,HIGH,NO
C08::Samsung::samsung-galaxy-buds-4-pro-c-medium,Audio,Samsung,Samsung Galaxy Buds 4 Pro c medium,12,https://ik.imagekit.io/0iaahkrcv/airbuds/Samsung-Galaxy-Buds-4-Pro-c-medium%20(1).webp?updatedAt=1786554856261,HIGH,NO
C08::Sony::sony-wf-c710n-c-medium,Audio,Sony,Sony WF C710N c medium,12,https://ik.imagekit.io/0iaahkrcv/airbuds/Sony-WF-C710N-c-medium%20(1).webp?updatedAt=1786554856418,HIGH,NO
C01::Tecno::tecno-camon-40a-medium,Smartphones,Tecno,Tecno Camon 40a medium,12,https://ik.imagekit.io/0iaahkrcv/ecommerce/All%20Tecno%20Smartphones%20-%20Price%20in%20Kenya/Tecno-Camon-40a-medium%20(1).webp?updatedAt=1786472833810,HIGH,NO
NO-CAT::NO-BRAND::tecnophantomx3-medium,,,tecnophantomx3 medium,12,https://ik.imagekit.io/0iaahkrcv/ecommerce/All%20Tecno%20Smartphones%20-%20Price%20in%20Kenya/tecnophantomx3-medium%20(1).webp?updatedAt=1786472835880,LOW,YES
C01::Samsung::galaxy-z-fold-3-medium,Smartphones,Samsung,galaxy z fold 3 medium,12,https://ik.imagekit.io/0iaahkrcv/ecommerce/samsung/All%20Samsung%20Smartphones%20-%20Price%20in%20Kenya%20(1)/galaxy-z-fold-3-medium%20(1).webp?updatedAt=1786488987006,MEDIUM,NO
C01::Samsung::galaxy-z-fold-4-k-medium,Smartphones,Samsung,galaxy z fold 4 k medium,12,https://ik.imagekit.io/0iaahkrcv/ecommerce/samsung/All%20Samsung%20Smartphones%20-%20Price%20in%20Kenya%20(1)/galaxy-z-fold-4-k-medium%20(1).webp?updatedAt=1786488987093,MEDIUM,NO
NO-CAT::Samsung::galaxyzflip4q-medium,,Samsung,galaxyzflip4q medium,12,https://ik.imagekit.io/0iaahkrcv/ecommerce/samsung/All%20Samsung%20Smartphones%20-%20Price%20in%20Kenya%20(1)/galaxyzflip4q-medium%20(1).webp?updatedAt=1786488987094,LOW,YES
C01::Samsung::samsung-galaxy-a56-medium,Smartphones,Samsung,Samsung Galaxy A56 medium,12,https://ik.imagekit.io/0iaahkrcv/ecommerce/samsung/All%20Samsung%20Smartphones%20-%20Price%20in%20Kenya%20(1)/Samsung-Galaxy-A56-medium%20(1).webp?updatedAt=1786489029670,MEDIUM,NO
C01::Samsung::samsung-galaxy-m36-b-medium,Smartphones,Samsung,Samsung Galaxy M36 b medium,12,https://ik.imagekit.io/0iaahkrcv/ecommerce/samsung/All%20Samsung%20Smartphones%20-%20Price%20in%20Kenya%20(1)/Samsung-Galaxy-M36-b-medium%20(1).webp?updatedAt=1786489029677,MEDIUM,NO
C01::Samsung::samsung-galaxy-z-flip-5-a-medium,Smartphones,Samsung,Samsung Galaxy Z Flip 5 a medium,12,https://ik.imagekit.io/0iaahkrcv/ecommerce/samsung/All%20Samsung%20Smartphones%20-%20Price%20in%20Kenya%20(1)/Samsung-Galaxy-Z-Flip-5-a-medium%20(1).webp?updatedAt=1786489031634,MEDIUM,NO
C01::Samsung::samsung-galaxy-z-flip-7-a-medium,Smartphones,Samsung,Samsung Galaxy Z Flip 7 a medium,12,https://ik.imagekit.io/0iaahkrcv/ecommerce/samsung/All%20Samsung%20Smartphones%20-%20Price%20in%20Kenya%20(1)/Samsung-Galaxy-Z-Flip-7-a-medium%20(1).webp?updatedAt=1786489032771,MEDIUM,NO
C01::Samsung::samsung-galaxy-z-flip-7-fe-medium,Smartphones,Samsung,Samsung Galaxy Z Flip 7 FE medium,12,https://ik.imagekit.io/0iaahkrcv/ecommerce/samsung/All%20Samsung%20Smartphones%20-%20Price%20in%20Kenya%20(1)/Samsung-Galaxy-Z-Flip-7-FE-medium%20(1).webp?updatedAt=1786489032798,MEDIUM,NO
C01::Samsung::samsung-galaxy-a57-c-medium,Smartphones,Samsung,Samsung Galaxy A57 c medium,12,https://ik.imagekit.io/0iaahkrcv/ecommerce/samsung/All%20Samsung%20Smartphones%20-%20Price%20in%20Kenya%20(3)/Samsung-Galaxy-A57-c-medium%20(1).webp?updatedAt=1786488896281,MEDIUM,NO
NO-CAT::Xiaomi::redmi14c,,Xiaomi,redmi14c,12,https://ik.imagekit.io/0iaahkrcv/gadgets/redmi14c%20(1).png?updatedAt=1786555410436,LOW,YES
C02::NO-BRAND::tablet,Tablets,,tablet,12,https://ik.imagekit.io/0iaahkrcv/gadgets/tablet%20(1).png?updatedAt=1786555415266,MEDIUM,YES
C01::itel::itel-city-100-medium,Smartphones,itel,Itel City 100 medium,12,https://ik.imagekit.io/0iaahkrcv/itel/Itel-City-100-medium%20(1).webp?updatedAt=1786520844388,HIGH,NO
C01::OPPO::oppo-a6x-4g-a-medium,Smartphones,OPPO,Oppo A6x 4G a medium,12,https://ik.imagekit.io/0iaahkrcv/Oppo/Oppo-A6x-4G-a-medium%20(1).webp?updatedAt=1786555510548,HIGH,NO
C01::Samsung::galaxy-a06c-medium,Smartphones,Samsung,Galaxy A06c medium,10,https://ik.imagekit.io/0iaahkrcv/ecommerce/samsung/All%20Samsung%20Smartphones%20-%20Price%20in%20Kenya%20(1)/Galaxy-A06c-medium%20(1).webp?updatedAt=1786488987018,MEDIUM,NO
C01::Samsung::galaxy-a55-d-medium,Smartphones,Samsung,Galaxy A55 d medium,10,https://ik.imagekit.io/0iaahkrcv/ecommerce/samsung/All%20Samsung%20Smartphones%20-%20Price%20in%20Kenya%20(1)/Galaxy-A55-d-medium%20(1).webp?updatedAt=1786488987068,MEDIUM,NO
C01::Samsung::samsung-galaxy-s25-ultra-c-medium,Smartphones,Samsung,Samsung Galaxy S25 Ultra c medium,10,https://ik.imagekit.io/0iaahkrcv/ecommerce/samsung/All%20Samsung%20Smartphones%20-%20Price%20in%20Kenya%20(1)/Samsung-Galaxy-S25-Ultra-c-medium%20(1).webp?updatedAt=1786489031647,MEDIUM,NO
C01::Samsung::samsung-galaxy-a16-4g-b-medium,Smartphones,Samsung,Samsung Galaxy A16 4G b medium,10,https://ik.imagekit.io/0iaahkrcv/ecommerce/samsung/All%20Samsung%20Smartphones%20-%20Price%20in%20Kenya%20(3)/Samsung-Galaxy-A16-4G-b-medium%20(1).webp?updatedAt=1786488896085,MEDIUM,NO
C01::OPPO::oppo-a3x-4g-b-medium,Smartphones,OPPO,Oppo A3x 4G b medium,10,https://ik.imagekit.io/0iaahkrcv/Oppo/Oppo-A3x-4G-b-medium%20(1).webp?updatedAt=1786555509968,HIGH,NO
C01::Apple::apple-iphone-15-pro-e-medium,Smartphones,Apple,Apple iPhone 15 Pro e medium,9,https://ik.imagekit.io/0iaahkrcv/ecommerce/All%20iOS%20Smartphones%20-%20Price%20in%20Kenya/Apple-iPhone-15-Pro-e-medium%20(1).webp?updatedAt=1786489223993,MEDIUM,NO
NO-CAT::Xiaomi::xiaomi-redmi-14c-b-medium,,Xiaomi,Xiaomi Redmi 14C b medium,9,https://ik.imagekit.io/0iaahkrcv/ecommerce/All%20Xiaomi%20Smartphones%20-%20Price%20in%20Kenya%20(2)/Xiaomi-Redmi-14C-b-medium%20(1).webp?updatedAt=1786471240148,LOW,YES
NO-CAT::Samsung::galaxys23ultrab-medium,,Samsung,galaxys23ultrab medium,9,https://ik.imagekit.io/0iaahkrcv/ecommerce/samsung/All%20Samsung%20Smartphones%20-%20Price%20in%20Kenya%20(1)/galaxys23ultrab-medium%20(1).webp?updatedAt=1786488987070,LOW,YES
C01::Samsung::samsung-galaxy-a27-c-medium,Smartphones,Samsung,Samsung Galaxy A27 c medium,9,https://ik.imagekit.io/0iaahkrcv/ecommerce/samsung/All%20Samsung%20Smartphones%20-%20Price%20in%20Kenya%20(1)/Samsung-Galaxy-A27-c-medium%20(1).webp?updatedAt=1786488997500,MEDIUM,NO
C01::Samsung::samsung-galaxy-a37-a-medium,Smartphones,Samsung,Samsung Galaxy A37 a medium,9,https://ik.imagekit.io/0iaahkrcv/ecommerce/samsung/All%20Samsung%20Smartphones%20-%20Price%20in%20Kenya%20(1)/Samsung-Galaxy-A37-a-medium%20(1).webp?updatedAt=1786489025965,MEDIUM,NO
C01::Samsung::samsung-galaxy-a37-medium,Smartphones,Samsung,Samsung Galaxy A37 medium,9,https://ik.imagekit.io/0iaahkrcv/ecommerce/samsung/All%20Samsung%20Smartphones%20-%20Price%20in%20Kenya%20(1)/Samsung-Galaxy-A37-medium%20(1).webp?updatedAt=1786489029246,MEDIUM,NO
NO-CAT::Samsung::galaxys21ultrac-medium,,Samsung,galaxys21ultrac medium,9,https://ik.imagekit.io/0iaahkrcv/ecommerce/samsung/All%20Samsung%20Smartphones%20-%20Price%20in%20Kenya%20(3)/galaxys21ultrac-medium%20(1).webp?updatedAt=1786488857943,LOW,YES
NO-CAT::Samsung::galaxya54d-medium,,Samsung,galaxya54d medium,9,https://ik.imagekit.io/0iaahkrcv/ecommerce/samsung/All%20Samsung%20Smartphones%20-%20Price%20in%20Kenya%20(4)/galaxya54d-medium%20(1).webp?updatedAt=1786488765408,LOW,YES
C01::Samsung::samsung-galaxy-a36-c-medium,Smartphones,Samsung,Samsung Galaxy A36 c medium,9,https://ik.imagekit.io/0iaahkrcv/ecommerce/samsung/All%20Samsung%20Smartphones%20-%20Price%20in%20Kenya%20(4)/Samsung-Galaxy-A36-c-medium%20(1).webp?updatedAt=1786488781900,MEDIUM,NO
NO-CAT::Samsung::galaxya34a-medium,,Samsung,galaxya34a medium,9,https://ik.imagekit.io/0iaahkrcv/ecommerce/samsung/All%20Samsung%20Smartphones%20-%20Price%20in%20Kenya%20(6)/galaxya34a-medium%20(1).webp?updatedAt=1786488609572,LOW,YES
NO-CAT::Samsung::samsunggalaxya23n-medium,,Samsung,samsunggalaxya23n medium,9,https://ik.imagekit.io/0iaahkrcv/ecommerce/samsung/All%20Samsung%20Smartphones%20-%20Price%20in%20Kenya%20(7)/samsunggalaxya23n-medium%20(1).webp?updatedAt=1786488601513,LOW,YES
C01::NO-BRAND::iphone,Smartphones,,iPhone,8,https://ik.imagekit.io/0iaahkrcv/gadgets/iPhone%20(1).png?updatedAt=1786555410224,MEDIUM,YES
NO-CAT::Xiaomi::redmi-a7-pro-mobile,,Xiaomi,redmi a7 pro mobile,8,https://ik.imagekit.io/0iaahkrcv/gadgets/redmi-a7-pro-mobile%20(1).png?updatedAt=1786555410659,LOW,YES
C01::Samsung::samsung-galaxy-z-fold-7-d-medium,Smartphones,Samsung,Samsung Galaxy Z Fold 7 d medium,7,https://ik.imagekit.io/0iaahkrcv/ecommerce/samsung/All%20Samsung%20Smartphones%20-%20Price%20in%20Kenya%20(3)/Samsung-Galaxy-Z-Fold-7-d-medium%20(1).webp?updatedAt=1786488896616,MEDIUM,NO
NO-CAT::Samsung::galaxynote20b-medium,,Samsung,galaxynote20b medium,7,https://ik.imagekit.io/0iaahkrcv/ecommerce/samsung/All%20Samsung%20Smartphones%20-%20Price%20in%20Kenya%20(4)/galaxynote20b-medium%20(1).webp?updatedAt=1786488765449,LOW,YES
C01::Samsung::samsung-galaxy-s26-b-medium,Smartphones,Samsung,Samsung Galaxy S26 b medium,7,https://ik.imagekit.io/0iaahkrcv/ecommerce/samsung/All%20Samsung%20Smartphones%20-%20Price%20in%20Kenya%20(5)/Samsung-Galaxy-S26-b-medium.webp?updatedAt=1786488764754,MEDIUM,NO
C08::Anker Soundcore::anker-soundcore-liberty-4-pro-medium,Audio,Anker Soundcore,Anker Soundcore Liberty 4 Pro medium,6,https://ik.imagekit.io/0iaahkrcv/airbuds/Anker-Soundcore-Liberty-4-Pro-medium%20(1).webp?updatedAt=1786554837675,HIGH,NO
C08::Anker Soundcore::anker-soundcore-v20i-medium,Audio,Anker Soundcore,Anker Soundcore V20i medium,6,https://ik.imagekit.io/0iaahkrcv/airbuds/Anker-Soundcore-V20i-medium%20(1).webp?updatedAt=1786554838269,HIGH,NO
C08::NO-BRAND::beatsfitproc-medium,Audio,,BeatsFitProc medium,6,https://ik.imagekit.io/0iaahkrcv/airbuds/BeatsFitProc-medium%20(1).webp?updatedAt=1786554838215,HIGH,YES
C08::JBL::jbl-tune-beam-2-f-medium,Audio,JBL,JBL Tune Beam 2 f medium,6,https://ik.imagekit.io/0iaahkrcv/airbuds/JBL-Tune-Beam-2-f-medium%20(1).webp?updatedAt=1786554847155,HIGH,NO
C08::JBL::jbl-wave-beam-2-s-medium,Audio,JBL,JBL Wave Beam 2 s medium,6,https://ik.imagekit.io/0iaahkrcv/airbuds/JBL-Wave-Beam-2-s-medium%20(1).webp?updatedAt=1786554847198,HIGH,NO
C08::OnePlus::oneplus-buds-pro-3-medium,Audio,OnePlus,Oneplus Buds Pro 3 medium,6,https://ik.imagekit.io/0iaahkrcv/airbuds/Oneplus-Buds-Pro-3-medium%20(1).webp?updatedAt=1786554847767,LOW,YES
C08::Oraimo::oraimo-openarc-medium,Audio,Oraimo,Oraimo OpenArc medium,6,https://ik.imagekit.io/0iaahkrcv/airbuds/Oraimo-OpenArc-medium%20(1).webp?updatedAt=1786554847886,HIGH,NO
C08::Oraimo::oraimo-opensnap-a-medium,Audio,Oraimo,Oraimo OpenSnap a medium,6,https://ik.imagekit.io/0iaahkrcv/airbuds/Oraimo-OpenSnap-a-medium%20(1).webp?updatedAt=1786554848379,HIGH,NO
C08::Oraimo::oraimo-spacebuds-2-medium,Audio,Oraimo,Oraimo SpaceBuds 2 medium,6,https://ik.imagekit.io/0iaahkrcv/airbuds/Oraimo-SpaceBuds-2-medium%20(1).webp?updatedAt=1786554854033,HIGH,NO
C08::Oraimo::oraimo-spacebuds-air-2b-medium,Audio,Oraimo,Oraimo SpaceBuds Air 2B medium,6,https://ik.imagekit.io/0iaahkrcv/airbuds/Oraimo-SpaceBuds-Air_2B-medium%20(1).webp?updatedAt=1786554855275,HIGH,NO
C08::Oraimo::oraimo-spacebuds-air-a-medium,Audio,Oraimo,Oraimo SpaceBuds Air a medium,6,https://ik.imagekit.io/0iaahkrcv/airbuds/Oraimo-SpaceBuds-Air-a-medium%20(1).webp?updatedAt=1786554855232,HIGH,NO
C08::Oraimo::oraimo-spacebuds-lite-medium,Audio,Oraimo,Oraimo SpaceBuds Lite medium,6,https://ik.imagekit.io/0iaahkrcv/airbuds/Oraimo-SpaceBuds-Lite-medium%20(1).webp?updatedAt=1786554855259,HIGH,NO
C08::Oraimo::oraimo-spacebuds-medium,Audio,Oraimo,Oraimo SpaceBuds medium,6,https://ik.imagekit.io/0iaahkrcv/airbuds/Oraimo-SpaceBuds-medium%20(1).webp?updatedAt=1786554855592,HIGH,NO
C08::Oraimo::oraimo-spacebuds-z-medium,Audio,Oraimo,Oraimo SpaceBuds Z medium,6,https://ik.imagekit.io/0iaahkrcv/airbuds/Oraimo-SpaceBuds-Z-medium%20(1).webp?updatedAt=1786554855816,HIGH,NO
C08::NO-BRAND::powerbeats-fit-c-medium,Audio,,Powerbeats Fit c medium,6,https://ik.imagekit.io/0iaahkrcv/airbuds/Powerbeats-Fit-c-medium%20(1).webp?updatedAt=1786554855734,HIGH,YES
C08::NO-BRAND::powerbeats-pro-2-e-medium,Audio,,Powerbeats Pro 2 e medium,6,https://ik.imagekit.io/0iaahkrcv/airbuds/Powerbeats-Pro-2-e-medium%20(1).webp?updatedAt=1786554855934,HIGH,YES
C08::NO-BRAND::powerbeats-pro-medium,Audio,,Powerbeats Pro medium,6,https://ik.imagekit.io/0iaahkrcv/airbuds/Powerbeats-Pro-medium%20(1).webp?updatedAt=1786554855763,HIGH,YES
C08::Sony::sony-wf-1000xm5-c-medium,Audio,Sony,Sony WF 1000XM5 c medium,6,https://ik.imagekit.io/0iaahkrcv/airbuds/Sony-WF-1000XM5-c-medium%20(1).webp?updatedAt=1786554856483,HIGH,NO
C08::Anker Soundcore::anker-soundcore-liberty-5-pro-a-medium,Audio,Anker Soundcore,Anker Soundcore Liberty 5 Pro a medium,6,https://ik.imagekit.io/0iaahkrcv/airbuds2/Anker-Soundcore-Liberty-5-Pro-a-medium%20(1).webp?updatedAt=1786555100210,HIGH,NO
C08::Anker Soundcore::anker-soundcore-liberty-5-pro-max-medium,Audio,Anker Soundcore,Anker Soundcore Liberty 5 Pro Max medium,6,https://ik.imagekit.io/0iaahkrcv/airbuds2/Anker-Soundcore-Liberty-5-Pro-Max-medium%20(1).webp?updatedAt=1786555100607,HIGH,NO
C08::Anker Soundcore::anker-soundcore-space-a40-medium,Audio,Anker Soundcore,Anker Soundcore Space A40 medium,6,https://ik.imagekit.io/0iaahkrcv/airbuds2/Anker-Soundcore-Space-A40-medium%20(1).webp?updatedAt=1786555100743,HIGH,NO
C08::Apple::apple-airpods-2-bk5t8ltfq7-medium,Audio,Apple,apple airpods 2 BK5t8LTfq7 medium,6,https://ik.imagekit.io/0iaahkrcv/airbuds2/apple-airpods-2-BK5t8LTfq7-medium%20(1).webp?updatedAt=1786555100773,HIGH,NO
C08::JBL::jbl-endurance-race-2-medium,Audio,JBL,JBL Endurance Race 2 medium,6,https://ik.imagekit.io/0iaahkrcv/airbuds2/JBL-Endurance-Race-2-medium%20(1).webp?updatedAt=1786555101433,HIGH,NO
C08::JBL::jbl-live-buds-3-a-medium,Audio,JBL,JBL Live Buds 3 a medium,6,https://ik.imagekit.io/0iaahkrcv/airbuds2/JBL-Live-Buds-3-a-medium%20(1).webp?updatedAt=1786555101583,HIGH,NO
C08::JBL::jbl-live-pro-2-medium,Audio,JBL,JBL Live Pro 2 medium,6,https://ik.imagekit.io/0iaahkrcv/airbuds2/JBL-Live-Pro-2-medium%20(1).webp?updatedAt=1786555102157,HIGH,NO
C08::JBL::jbl-tune-flex-2-c-medium,Audio,JBL,JBL Tune Flex 2 c medium,6,https://ik.imagekit.io/0iaahkrcv/airbuds2/JBL-Tune-Flex-2-c-medium%20(1).webp?updatedAt=1786555102181,HIGH,NO
C08::Nothing::nothing-cmf-buds-2a-medium,Audio,Nothing,Nothing CMF Buds 2a medium,6,https://ik.imagekit.io/0iaahkrcv/airbuds2/Nothing-CMF-Buds-2a-medium%20(1).webp?updatedAt=1786555104286,HIGH,NO
C08::OnePlus::oneplus-buds-3-b-medium,Audio,OnePlus,OnePlus Buds 3 b medium,6,https://ik.imagekit.io/0iaahkrcv/airbuds2/OnePlus-Buds-3-b-medium%20(1).webp?updatedAt=1786555108985,LOW,YES
C08::OnePlus::oneplus-buds-4d-medium,Audio,OnePlus,oneplus buds 4d medium,6,https://ik.imagekit.io/0iaahkrcv/airbuds2/oneplus-buds-4d-medium%20(1).webp?updatedAt=1786555109285,LOW,YES
C08::OnePlus::oneplus-buds-pro-2-e-medium,Audio,OnePlus,Oneplus Buds Pro 2 e medium,6,https://ik.imagekit.io/0iaahkrcv/airbuds2/Oneplus-Buds-Pro-2-e-medium%20(1).webp?updatedAt=1786555109416,LOW,YES
C08::OnePlus::oneplus-nord-buds-3-pro-medium,Audio,OnePlus,Oneplus Nord Buds 3 Pro medium,6,https://ik.imagekit.io/0iaahkrcv/airbuds2/Oneplus-Nord-Buds-3-Pro-medium%20(1).webp?updatedAt=1786555110389,LOW,YES
C08::OnePlus::oneplusnordbudsced-medium,Audio,OnePlus,oneplusnordbudsced medium,6,https://ik.imagekit.io/0iaahkrcv/airbuds2/oneplusnordbudsced-medium%20(1).webp?updatedAt=1786555110402,LOW,YES
C08::Samsung::samsung-galaxy-buds-2-mqhutvztuu-medium,Audio,Samsung,samsung galaxy buds 2 MqHutVZtUU medium,6,https://ik.imagekit.io/0iaahkrcv/airbuds2/samsung-galaxy-buds-2-MqHutVZtUU-medium%20(1).webp?updatedAt=1786555110376,HIGH,NO
C08::Samsung::samsung-galaxy-buds-3-d-medium,Audio,Samsung,Samsung Galaxy Buds 3 d medium,6,https://ik.imagekit.io/0iaahkrcv/airbuds2/Samsung-Galaxy-Buds-3-d-medium%20(1).webp?updatedAt=1786555110349,HIGH,NO
C08::Samsung::samsung-galaxy-buds-3-pro-e-medium,Audio,Samsung,Samsung Galaxy Buds 3 Pro e medium,6,https://ik.imagekit.io/0iaahkrcv/airbuds2/Samsung-Galaxy-Buds-3-Pro-e-medium%20(1).webp?updatedAt=1786555110446,HIGH,NO
C08::JBL::jbl-clip-4-tysygl7xza-medium,Audio,JBL,jbl clip 4 tYsyGL7XZa medium,6,https://ik.imagekit.io/0iaahkrcv/Bts/jbl-clip-4-tYsyGL7XZa-medium%20(1).webp?updatedAt=1786521089994,MEDIUM,NO
C08::JBL::jbl-flip-5-7jlrmd0quk-medium,Audio,JBL,jbl flip 5 7jlRMd0QUk medium,6,https://ik.imagekit.io/0iaahkrcv/Bts/jbl-flip-5-7jlRMd0QUk-medium%20(1).webp?updatedAt=1786521089530,MEDIUM,NO
C08::JBL::jbl-flip-7-e-medium,Audio,JBL,JBL Flip 7 e medium,6,https://ik.imagekit.io/0iaahkrcv/Bts/JBL-Flip-7-e-medium%20(1).webp?updatedAt=1786521089725,MEDIUM,NO
C08::JBL::jbl-go-3-ausfkjp8pj-medium,Audio,JBL,jbl go 3 ausfKjP8pj medium,6,https://ik.imagekit.io/0iaahkrcv/Bts/jbl-go-3-ausfKjP8pj-medium%20(1).webp?updatedAt=1786521090017,MEDIUM,NO
C08::JBL::jbl-partybox-1000-zamixyj1dc-medium,Audio,JBL,jbl partybox 1000 ZaMixYJ1Dc medium,6,https://ik.imagekit.io/0iaahkrcv/Bts/jbl-partybox-1000-ZaMixYJ1Dc-medium%20(1).webp?updatedAt=1786521090480,MEDIUM,NO
C08::JBL::jbl-partybox-310-pqykcyafdw-medium,Audio,JBL,jbl partybox 310 pQYkcyAFdW medium,6,https://ik.imagekit.io/0iaahkrcv/Bts/jbl-partybox-310-pQYkcyAFdW-medium%20(1).webp?updatedAt=1786521090607,MEDIUM,NO
C08::JBL::jbl-pulse-4-nrqnclp72n-medium,Audio,JBL,jbl pulse 4 nrQnclp72N medium,6,https://ik.imagekit.io/0iaahkrcv/Bts/jbl-pulse-4-nrQnclp72N-medium%20(1).webp?updatedAt=1786521090976,MEDIUM,NO
C08::JBL::jblcharge5k-medium,Audio,JBL,jblcharge5k medium,6,https://ik.imagekit.io/0iaahkrcv/Bts/jblcharge5k-medium%20(1).webp?updatedAt=1786521096039,MEDIUM,NO
C08::JBL::jblpartybox110a-medium,Audio,JBL,JBLPartybox110a medium,6,https://ik.imagekit.io/0iaahkrcv/Bts/JBLPartybox110a-medium%20(1).webp?updatedAt=1786521100851,MEDIUM,NO
C08::JBL::jblpartybox710g-medium,Audio,JBL,JBLPartybox710g medium,6,https://ik.imagekit.io/0iaahkrcv/Bts/JBLPartybox710g-medium%20(1).webp?updatedAt=1786521120433,MEDIUM,NO
C08::JBL::jblpartyboxencoreessentiald-medium,Audio,JBL,JBLPartyBoxEncoreEssentiald medium,6,https://ik.imagekit.io/0iaahkrcv/Bts/JBLPartyBoxEncoreEssentiald-medium%20(1).webp?updatedAt=1786521119992,MEDIUM,NO
C08::JBL::jblpartyboxon-the-goa-medium,Audio,JBL,JBLPartyBoxOn The Goa medium,6,https://ik.imagekit.io/0iaahkrcv/Bts/JBLPartyBoxOn-The-Goa-medium%20(1).webp?updatedAt=1786521120133,MEDIUM,NO
C08::Skullcandy::skullcandy-original,Audio,Skullcandy,skullcandy original,6,https://ik.imagekit.io/0iaahkrcv/Bts/skullcandy-original%20(1).webp?updatedAt=1786521122268,MEDIUM,NO
C08::Sony::sony-srs-xb23-tjxcvlo7xs-medium,Audio,Sony,sony srs xb23 TjxcVLO7XS medium,6,https://ik.imagekit.io/0iaahkrcv/Bts/sony-srs-xb23-TjxcVLO7XS-medium%20(1).webp?updatedAt=1786521122875,MEDIUM,NO
C01::Apple::apple-iphone-17-c-medium,Smartphones,Apple,Apple Iphone 17 c medium,6,https://ik.imagekit.io/0iaahkrcv/ecommerce/All%20iOS%20Smartphones%20-%20Price%20in%20Kenya/Apple-Iphone-17-c-medium%20(1).webp?updatedAt=1786489224256,MEDIUM,NO
NO-CAT::NO-BRAND::iphone13prod-medium,,,iphone13prod medium,6,https://ik.imagekit.io/0iaahkrcv/ecommerce/All%20iOS%20Smartphones%20-%20Price%20in%20Kenya/iphone13prod-medium%20(1).webp?updatedAt=1786489269759,LOW,YES
C01::Tecno::tecno-camon-30s-medium,Smartphones,Tecno,Tecno Camon 30S medium,6,https://ik.imagekit.io/0iaahkrcv/ecommerce/All%20Tecno%20Smartphones%20-%20Price%20in%20Kenya/Tecno-Camon-30S-medium%20(1).webp?updatedAt=1786472832547,HIGH,NO
C01::Tecno::tecno-camon-40-premier-a-medium,Smartphones,Tecno,Tecno Camon 40 Premier a medium,6,https://ik.imagekit.io/0iaahkrcv/ecommerce/All%20Tecno%20Smartphones%20-%20Price%20in%20Kenya/Tecno-Camon-40-Premier-a-medium%20(1).webp?updatedAt=1786472834385,HIGH,NO
C01::Tecno::tecno-camon-40-proa-medium,Smartphones,Tecno,Tecno Camon 40 Proa medium,6,https://ik.imagekit.io/0iaahkrcv/ecommerce/All%20Tecno%20Smartphones%20-%20Price%20in%20Kenya/Tecno-Camon-40-Proa-medium%20(1).webp?updatedAt=1786472830452,HIGH,NO
C01::Tecno::tecno-camon-50-medium,Smartphones,Tecno,Tecno Camon 50 medium,6,https://ik.imagekit.io/0iaahkrcv/ecommerce/All%20Tecno%20Smartphones%20-%20Price%20in%20Kenya/Tecno-Camon-50-medium%20(1).webp?updatedAt=1786472833245,HIGH,NO
C01::Tecno::tecno-camon-50-pro-medium,Smartphones,Tecno,Tecno Camon 50 Pro medium,6,https://ik.imagekit.io/0iaahkrcv/ecommerce/All%20Tecno%20Smartphones%20-%20Price%20in%20Kenya/Tecno-Camon-50-Pro-medium%20(1).webp?updatedAt=1786472833906,HIGH,NO
C01::Tecno::tecno-camon-50-ultra-medium,Smartphones,Tecno,Tecno Camon 50 Ultra medium,6,https://ik.imagekit.io/0iaahkrcv/ecommerce/All%20Tecno%20Smartphones%20-%20Price%20in%20Kenya/Tecno-Camon-50-Ultra-medium%20(1).webp?updatedAt=1786472833110,HIGH,NO
C01::Tecno::tecno-camon-slim-c-medium,Smartphones,Tecno,Tecno Camon Slim c medium,6,https://ik.imagekit.io/0iaahkrcv/ecommerce/All%20Tecno%20Smartphones%20-%20Price%20in%20Kenya/Tecno-Camon-Slim-c-medium%20(1).webp?updatedAt=1786472830544,HIGH,NO
C01::Tecno::tecno-pop-10-c-medium,Smartphones,Tecno,tecno pop 10 c medium,6,https://ik.imagekit.io/0iaahkrcv/ecommerce/All%20Tecno%20Smartphones%20-%20Price%20in%20Kenya/tecno-pop-10-c-medium%20(1).webp?updatedAt=1786472833214,HIGH,NO
C01::Tecno::tecno-pop-10-pro-medium,Smartphones,Tecno,Tecno Pop 10 Pro medium,6,https://ik.imagekit.io/0iaahkrcv/ecommerce/All%20Tecno%20Smartphones%20-%20Price%20in%20Kenya/Tecno-Pop-10-Pro-medium%20(1).webp?updatedAt=1786472834273,HIGH,NO
C01::Tecno::tecno-pop-20-a-medium,Smartphones,Tecno,Tecno Pop 20 a medium,6,https://ik.imagekit.io/0iaahkrcv/ecommerce/All%20Tecno%20Smartphones%20-%20Price%20in%20Kenya/Tecno-Pop-20-a-medium%20(1).webp?updatedAt=1786472829384,HIGH,NO
C01::Tecno::tecno-pop-x-4g-a-medium,Smartphones,Tecno,Tecno Pop X 4G a medium,6,https://ik.imagekit.io/0iaahkrcv/ecommerce/All%20Tecno%20Smartphones%20-%20Price%20in%20Kenya/Tecno-Pop-X-4G-a-medium%20(1).webp?updatedAt=1786472829375,HIGH,NO
C01::Tecno::tecno-pop-x-5g-medium,Smartphones,Tecno,Tecno Pop X 5G medium,6,https://ik.imagekit.io/0iaahkrcv/ecommerce/All%20Tecno%20Smartphones%20-%20Price%20in%20Kenya/Tecno-Pop-X-5G-medium%20(1).webp?updatedAt=1786472831011,HIGH,NO
C01::Tecno::tecno-pova-8-a-medium,Smartphones,Tecno,Tecno Pova 8 a medium,6,https://ik.imagekit.io/0iaahkrcv/ecommerce/All%20Tecno%20Smartphones%20-%20Price%20in%20Kenya/Tecno-Pova-8-a-medium%20(1).webp?updatedAt=1786472830121,HIGH,NO
C01::Tecno::tecno-pova-curve-2-medium,Smartphones,Tecno,Tecno Pova Curve 2 medium,6,https://ik.imagekit.io/0iaahkrcv/ecommerce/All%20Tecno%20Smartphones%20-%20Price%20in%20Kenya/Tecno-Pova-Curve-2-medium%20(1).webp?updatedAt=1786472833176,HIGH,NO
C01::Tecno::tecno-pova-curve-a-medium,Smartphones,Tecno,Tecno Pova Curve a medium,6,https://ik.imagekit.io/0iaahkrcv/ecommerce/All%20Tecno%20Smartphones%20-%20Price%20in%20Kenya/Tecno-Pova-Curve-a-medium%20(1).webp?updatedAt=1786472832623,HIGH,NO
C01::Tecno::tecno-spark-30-a-medium,Smartphones,Tecno,Tecno Spark 30 a medium,6,https://ik.imagekit.io/0iaahkrcv/ecommerce/All%20Tecno%20Smartphones%20-%20Price%20in%20Kenya/Tecno-Spark-30-a-medium%20(1).webp?updatedAt=1786472834321,HIGH,NO
C01::Tecno::tecno-spark-30c-medium,Smartphones,Tecno,Tecno Spark 30C medium,6,https://ik.imagekit.io/0iaahkrcv/ecommerce/All%20Tecno%20Smartphones%20-%20Price%20in%20Kenya/Tecno-Spark-30C-medium%20(1).webp?updatedAt=1786472830837,HIGH,NO
C01::Tecno::tecno-spark-40-medium,Smartphones,Tecno,Tecno Spark 40 medium,6,https://ik.imagekit.io/0iaahkrcv/ecommerce/All%20Tecno%20Smartphones%20-%20Price%20in%20Kenya/Tecno-Spark-40-medium%20(1).webp?updatedAt=1786472833172,HIGH,NO
C01::Tecno::tecno-spark-40-pro-a-medium,Smartphones,Tecno,tecno spark 40 pro a medium,6,https://ik.imagekit.io/0iaahkrcv/ecommerce/All%20Tecno%20Smartphones%20-%20Price%20in%20Kenya/tecno-spark-40-pro-a-medium%20(1).webp?updatedAt=1786472830578,HIGH,NO
C01::Tecno::tecno-spark-40c-b-medium,Smartphones,Tecno,Tecno Spark 40C b medium,6,https://ik.imagekit.io/0iaahkrcv/ecommerce/All%20Tecno%20Smartphones%20-%20Price%20in%20Kenya/Tecno-Spark-40C-b-medium%20(1).webp?updatedAt=1786472830901,HIGH,NO
C01::Tecno::tecno-spark-50-4g-b-medium,Smartphones,Tecno,Tecno Spark 50 4G b medium,6,https://ik.imagekit.io/0iaahkrcv/ecommerce/All%20Tecno%20Smartphones%20-%20Price%20in%20Kenya/Tecno-Spark-50-4G-b-medium%20(1).webp?updatedAt=1786472834380,HIGH,NO
C01::Tecno::tecno-spark-50-medium,Smartphones,Tecno,Tecno Spark 50 medium,6,https://ik.imagekit.io/0iaahkrcv/ecommerce/All%20Tecno%20Smartphones%20-%20Price%20in%20Kenya/Tecno-Spark-50-medium%20(1).webp?updatedAt=1786472833945,HIGH,NO
C01::Tecno::tecno-spark-50-pro-medium,Smartphones,Tecno,Tecno Spark 50 Pro medium,6,https://ik.imagekit.io/0iaahkrcv/ecommerce/All%20Tecno%20Smartphones%20-%20Price%20in%20Kenya/Tecno-Spark-50-Pro-medium%20(1).webp?updatedAt=1786472834518,HIGH,NO
C01::Tecno::tecno-spark-go-2025-b-medium,Smartphones,Tecno,Tecno Spark Go 2025 b medium,6,https://ik.imagekit.io/0iaahkrcv/ecommerce/All%20Tecno%20Smartphones%20-%20Price%20in%20Kenya/Tecno-Spark-Go-2025-b-medium%20(1).webp?updatedAt=1786472834605,HIGH,NO
C01::Tecno::tecno-spark-go-3-b-medium,Smartphones,Tecno,Tecno Spark Go 3 b medium,6,https://ik.imagekit.io/0iaahkrcv/ecommerce/All%20Tecno%20Smartphones%20-%20Price%20in%20Kenya/Tecno-Spark-Go-3-b-medium%20(1).webp?updatedAt=1786472834631,HIGH,NO
C01::Tecno::tecno-spark-slim-medium,Smartphones,Tecno,Tecno Spark Slim medium,6,https://ik.imagekit.io/0iaahkrcv/ecommerce/All%20Tecno%20Smartphones%20-%20Price%20in%20Kenya/Tecno-Spark-Slim-medium%20(1).webp?updatedAt=1786472834977,HIGH,NO
NO-CAT::NO-BRAND::tecnocamon21premierkenya-medium,,,tecnocamon21premierkenya medium,6,https://ik.imagekit.io/0iaahkrcv/ecommerce/All%20Tecno%20Smartphones%20-%20Price%20in%20Kenya/tecnocamon21premierkenya-medium%20(1).webp?updatedAt=1786472834891,LOW,YES
NO-CAT::NO-BRAND::tecnophantomvflip-medium,,,tecnophantomvflip medium,6,https://ik.imagekit.io/0iaahkrcv/ecommerce/All%20Tecno%20Smartphones%20-%20Price%20in%20Kenya/tecnophantomvflip-medium%20(1).webp?updatedAt=1786472835067,LOW,YES
NO-CAT::NO-BRAND::tecnopop7proa-medium,,,tecnopop7proa medium,6,https://ik.imagekit.io/0iaahkrcv/ecommerce/All%20Tecno%20Smartphones%20-%20Price%20in%20Kenya/tecnopop7proa-medium%20(1).webp?updatedAt=1786472835307,LOW,YES
C01::POCO::poco-c71-c-medium,Smartphones,POCO,poco c71 c medium,6,https://ik.imagekit.io/0iaahkrcv/ecommerce/All%20Xiaomi%20Smartphones%20-%20Price%20in%20Kenya%20(2)/poco-c71-c-medium%20(1).webp?updatedAt=1786471238482,HIGH,NO
C01::POCO::poco-m6-pro-4g-b-medium,Smartphones,POCO,Poco M6 Pro 4G b medium,6,https://ik.imagekit.io/0iaahkrcv/ecommerce/All%20Xiaomi%20Smartphones%20-%20Price%20in%20Kenya%20(2)/Poco-M6-Pro-4G-b-medium%20(1).webp?updatedAt=1786471238183,HIGH,NO
NO-CAT::Xiaomi::redmi-a3x-c-medium,,Xiaomi,Redmi A3x c medium,6,https://ik.imagekit.io/0iaahkrcv/ecommerce/All%20Xiaomi%20Smartphones%20-%20Price%20in%20Kenya%20(2)/Redmi-A3x-c-medium%20(1).webp?updatedAt=1786471239261,LOW,YES
NO-CAT::Xiaomi::xiaomi-poco-x6-pro-a-medium,,Xiaomi,Xiaomi Poco X6 Pro a medium,6,https://ik.imagekit.io/0iaahkrcv/ecommerce/All%20Xiaomi%20Smartphones%20-%20Price%20in%20Kenya%20(2)/Xiaomi-Poco-X6-Pro-a-medium%20(1).webp?updatedAt=1786471238998,LOW,YES
NO-CAT::Xiaomi::xiaomi-redmi-12-a-medium,,Xiaomi,Xiaomi Redmi 12 a medium,6,https://ik.imagekit.io/0iaahkrcv/ecommerce/All%20Xiaomi%20Smartphones%20-%20Price%20in%20Kenya%20(2)/Xiaomi-Redmi-12-a-medium%20(1).webp?updatedAt=1786471239330,LOW,YES
NO-CAT::Xiaomi::xiaomi-redmi-13-4g-a-medium,,Xiaomi,Xiaomi Redmi 13 4G a medium,6,https://ik.imagekit.io/0iaahkrcv/ecommerce/All%20Xiaomi%20Smartphones%20-%20Price%20in%20Kenya%20(2)/Xiaomi-Redmi-13-4G-a-medium%20(1).webp?updatedAt=1786471240760,LOW,YES
C01::Samsung::galaxy-z-flip-6-d-medium,Smartphones,Samsung,galaxy z flip 6 d medium,6,https://ik.imagekit.io/0iaahkrcv/ecommerce/samsung/All%20Samsung%20Smartphones%20-%20Price%20in%20Kenya%20(1)/galaxy-z-flip-6-d-medium%20(1).webp?updatedAt=1786488987018,MEDIUM,NO
NO-CAT::Samsung::samsung-f36-medium,,Samsung,Samsung F36 medium,6,https://ik.imagekit.io/0iaahkrcv/ecommerce/samsung/All%20Samsung%20Smartphones%20-%20Price%20in%20Kenya%20(1)/Samsung-F36-medium%20(1).webp?updatedAt=1786488987206,LOW,YES
C01::Samsung::samsung-galaxy-a17-4g-b-medium,Smartphones,Samsung,Samsung Galaxy A17 4G b medium,6,https://ik.imagekit.io/0iaahkrcv/ecommerce/samsung/All%20Samsung%20Smartphones%20-%20Price%20in%20Kenya%20(1)/Samsung-Galaxy-A17-4G-b-medium%20(1).webp?updatedAt=1786488989956,MEDIUM,NO
C01::Samsung::samsung-galaxy-m47-medium,Smartphones,Samsung,Samsung Galaxy M47 medium,6,https://ik.imagekit.io/0iaahkrcv/ecommerce/samsung/All%20Samsung%20Smartphones%20-%20Price%20in%20Kenya%20(1)/Samsung-Galaxy-M47-medium%20(1).webp?updatedAt=1786489029805,MEDIUM,NO
C01::Samsung::samsung-galaxy-m56-a-medium,Smartphones,Samsung,Samsung Galaxy M56 a medium,6,https://ik.imagekit.io/0iaahkrcv/ecommerce/samsung/All%20Samsung%20Smartphones%20-%20Price%20in%20Kenya%20(1)/Samsung-Galaxy-M56-a-medium%20(1).webp?updatedAt=1786489031255,MEDIUM,NO
C01::Samsung::samsung-galaxy-z-flip8-c-medium,Smartphones,Samsung,Samsung Galaxy Z Flip8 c medium,6,https://ik.imagekit.io/0iaahkrcv/ecommerce/samsung/All%20Samsung%20Smartphones%20-%20Price%20in%20Kenya%20(1)/Samsung-Galaxy-Z-Flip8-c-medium%20(1).webp?updatedAt=1786489032753,MEDIUM,NO
NO-CAT::Samsung::galaxys21fe5ge-medium,,Samsung,galaxys21fe5ge medium,6,https://ik.imagekit.io/0iaahkrcv/ecommerce/samsung/All%20Samsung%20Smartphones%20-%20Price%20in%20Kenya%20(3)/galaxys21fe5ge-medium%20(1).webp?updatedAt=1786488848937,LOW,YES
NO-CAT::Samsung::galaxys21plus5ga-medium,,Samsung,galaxys21plus5ga medium,6,https://ik.imagekit.io/0iaahkrcv/ecommerce/samsung/All%20Samsung%20Smartphones%20-%20Price%20in%20Kenya%20(3)/galaxys21plus5ga-medium%20(1).webp?updatedAt=1786488849789,LOW,YES
NO-CAT::Samsung::galaxys22a-medium,,Samsung,galaxys22a medium,6,https://ik.imagekit.io/0iaahkrcv/ecommerce/samsung/All%20Samsung%20Smartphones%20-%20Price%20in%20Kenya%20(3)/galaxys22a-medium%20(1).webp?updatedAt=1786488892790,LOW,YES
NO-CAT::Samsung::galaxys22plusc-medium,,Samsung,galaxys22plusc medium,6,https://ik.imagekit.io/0iaahkrcv/ecommerce/samsung/All%20Samsung%20Smartphones%20-%20Price%20in%20Kenya%20(3)/galaxys22plusc-medium%20(1).webp?updatedAt=1786488894255,LOW,YES
NO-CAT::Samsung::galaxys22ultraa-medium,,Samsung,galaxys22ultraa medium,6,https://ik.imagekit.io/0iaahkrcv/ecommerce/samsung/All%20Samsung%20Smartphones%20-%20Price%20in%20Kenya%20(3)/galaxys22ultraa-medium%20(1).webp?updatedAt=1786488895874,LOW,YES
C01::Samsung::samsung-galaxy-s24-b-medium,Smartphones,Samsung,Samsung Galaxy S24 b medium,6,https://ik.imagekit.io/0iaahkrcv/ecommerce/samsung/All%20Samsung%20Smartphones%20-%20Price%20in%20Kenya%20(3)/Samsung-Galaxy-S24-b-medium%20(1).webp?updatedAt=1786488896337,MEDIUM,NO
NO-CAT::Samsung::samsunggalaxys215gc-medium,,Samsung,samsunggalaxys215gc medium,6,https://ik.imagekit.io/0iaahkrcv/ecommerce/samsung/All%20Samsung%20Smartphones%20-%20Price%20in%20Kenya%20(3)/samsunggalaxys215gc-medium%20(1).webp?updatedAt=1786488896589,LOW,YES
C01::Samsung::galaxy-s20-ultra-b-medium,Smartphones,Samsung,galaxy s20 ultra b medium,6,https://ik.imagekit.io/0iaahkrcv/ecommerce/samsung/All%20Samsung%20Smartphones%20-%20Price%20in%20Kenya%20(4)/galaxy-s20-ultra-b-medium%20(1).webp?updatedAt=1786488765378,MEDIUM,NO
NO-CAT::Samsung::samsung-galalxy-note-9-a-medium,,Samsung,samsung galalxy note 9 a medium,6,https://ik.imagekit.io/0iaahkrcv/ecommerce/samsung/All%20Samsung%20Smartphones%20-%20Price%20in%20Kenya%20(4)/samsung-galalxy-note-9-a-medium%20(1).webp?updatedAt=1786488770108,LOW,YES
C01::Samsung::samsung-galaxy-s20-b-medium,Smartphones,Samsung,samsung galaxy s20 b medium,6,https://ik.imagekit.io/0iaahkrcv/ecommerce/samsung/All%20Samsung%20Smartphones%20-%20Price%20in%20Kenya%20(4)/samsung-galaxy-s20-b-medium%20(1).webp?updatedAt=1786488844968,MEDIUM,NO
NO-CAT::Samsung::galaxya04sa-medium,,Samsung,galaxya04sa medium,6,https://ik.imagekit.io/0iaahkrcv/ecommerce/samsung/All%20Samsung%20Smartphones%20-%20Price%20in%20Kenya%20(6)/galaxya04sa-medium%20(1).webp?updatedAt=1786488602781,LOW,YES
NO-CAT::Samsung::galaxya244gb-medium,,Samsung,galaxya244gb medium,6,https://ik.imagekit.io/0iaahkrcv/ecommerce/samsung/All%20Samsung%20Smartphones%20-%20Price%20in%20Kenya%20(6)/galaxya244gb-medium%20(1).webp?updatedAt=1786488602882,LOW,YES
NO-CAT::Samsung::galaxys23b-medium,,Samsung,galaxys23b medium,6,https://ik.imagekit.io/0iaahkrcv/ecommerce/samsung/All%20Samsung%20Smartphones%20-%20Price%20in%20Kenya%20(6)/galaxys23b-medium%20(1).webp?updatedAt=1786488685345,LOW,YES
NO-CAT::Samsung::galaxys23plusc-medium,,Samsung,galaxys23plusc medium,6,https://ik.imagekit.io/0iaahkrcv/ecommerce/samsung/All%20Samsung%20Smartphones%20-%20Price%20in%20Kenya%20(6)/galaxys23plusc-medium%20(1).webp?updatedAt=1786488686468,LOW,YES
C01::Samsung::samsung-galaxy-a15-4g-a-medium,Smartphones,Samsung,Samsung Galaxy A15 4G a medium,6,https://ik.imagekit.io/0iaahkrcv/ecommerce/samsung/All%20Samsung%20Smartphones%20-%20Price%20in%20Kenya%20(6)/Samsung-Galaxy-A15-4G-a-medium%20(1).webp?updatedAt=1786488687318,MEDIUM,NO
C01::Samsung::samsung-galaxy-a15-5g-k-medium,Smartphones,Samsung,Samsung Galaxy A15 5G k medium,6,https://ik.imagekit.io/0iaahkrcv/ecommerce/samsung/All%20Samsung%20Smartphones%20-%20Price%20in%20Kenya%20(6)/Samsung-Galaxy-A15-5G-k-medium%20(1).webp?updatedAt=1786488687323,MEDIUM,NO
C01::Samsung::samsung-galaxy-f15-medium,Smartphones,Samsung,Samsung Galaxy F15 medium,6,https://ik.imagekit.io/0iaahkrcv/ecommerce/samsung/All%20Samsung%20Smartphones%20-%20Price%20in%20Kenya%20(6)/Samsung-Galaxy-F15-medium%20(1).webp?updatedAt=1786488687373,MEDIUM,NO
C01::Samsung::samsung-galaxy-m15-b-medium,Smartphones,Samsung,Samsung Galaxy M15 b medium,6,https://ik.imagekit.io/0iaahkrcv/ecommerce/samsung/All%20Samsung%20Smartphones%20-%20Price%20in%20Kenya%20(6)/Samsung-Galaxy-M15-b-medium%20(1).webp?updatedAt=1786488688733,MEDIUM,NO
NO-CAT::Samsung::galaxya04eb-medium,,Samsung,galaxya04eb medium,6,https://ik.imagekit.io/0iaahkrcv/ecommerce/samsung/All%20Samsung%20Smartphones%20-%20Price%20in%20Kenya%20(7)/galaxya04eb-medium%20(1).webp?updatedAt=1786488539757,LOW,YES
NO-CAT::Samsung::galaxya145gb-medium,,Samsung,galaxya145gb medium,6,https://ik.imagekit.io/0iaahkrcv/ecommerce/samsung/All%20Samsung%20Smartphones%20-%20Price%20in%20Kenya%20(7)/galaxya145gb-medium%20(1).webp?updatedAt=1786488539848,LOW,YES
NO-CAT::Samsung::galaxya335gb-medium,,Samsung,galaxya335gb medium,6,https://ik.imagekit.io/0iaahkrcv/ecommerce/samsung/All%20Samsung%20Smartphones%20-%20Price%20in%20Kenya%20(7)/galaxya335gb-medium%20(1).webp?updatedAt=1786488539877,LOW,YES
NO-CAT::Samsung::galaxyf13a-medium,,Samsung,galaxyf13a medium,6,https://ik.imagekit.io/0iaahkrcv/ecommerce/samsung/All%20Samsung%20Smartphones%20-%20Price%20in%20Kenya%20(7)/galaxyf13a-medium%20(1).webp?updatedAt=1786488539863,LOW,YES
NO-CAT::Samsung::galaxyf145ga-medium,,Samsung,galaxyf145ga medium,6,https://ik.imagekit.io/0iaahkrcv/ecommerce/samsung/All%20Samsung%20Smartphones%20-%20Price%20in%20Kenya%20(7)/galaxyf145ga-medium%20(1).webp?updatedAt=1786488539832,LOW,YES
NO-CAT::Samsung::galaxym134gb-medium,,Samsung,galaxym134gb medium,6,https://ik.imagekit.io/0iaahkrcv/ecommerce/samsung/All%20Samsung%20Smartphones%20-%20Price%20in%20Kenya%20(7)/galaxym134gb-medium%20(1).webp?updatedAt=1786488543858,LOW,YES
NO-CAT::Samsung::galaxym54b-medium,,Samsung,galaxym54b medium,6,https://ik.imagekit.io/0iaahkrcv/ecommerce/samsung/All%20Samsung%20Smartphones%20-%20Price%20in%20Kenya%20(7)/galaxym54b-medium%20(1).webp?updatedAt=1786488544506,LOW,YES
NO-CAT::Samsung::galaxya535gk-medium,,Samsung,galaxya535gk medium,6,https://ik.imagekit.io/0iaahkrcv/ecommerce/samsung/All%20Samsung%20Smartphones%20-%20Price%20in%20Kenya%20(8)/galaxya535gk-medium%20(1).webp?updatedAt=1786488484562,LOW,YES
NO-CAT::Samsung::galaxya735gk-medium,,Samsung,galaxya735gk medium,6,https://ik.imagekit.io/0iaahkrcv/ecommerce/samsung/All%20Samsung%20Smartphones%20-%20Price%20in%20Kenya%20(8)/galaxya735gk-medium%20(1).webp?updatedAt=1786488483919,LOW,YES
NO-CAT::NO-BRAND::s26-ultra-d-medium,,,s26 ultra d medium,6,https://ik.imagekit.io/0iaahkrcv/ecommerce/samsung/All%20Samsung%20Smartphones%20-%20Price%20in%20Kenya/s26-ultra-d-medium%20(1).webp?updatedAt=1786489032815,LOW,YES
C01::Samsung::samsung-galaxy-a26-medium,Smartphones,Samsung,Samsung Galaxy A26 medium,6,https://ik.imagekit.io/0iaahkrcv/ecommerce/samsung/All%20Samsung%20Smartphones%20-%20Price%20in%20Kenya/Samsung-Galaxy-A26-medium%20(1).webp?updatedAt=1786489035110,MEDIUM,NO
C01::Samsung::samsung-galaxy-m17-5g-medium,Smartphones,Samsung,Samsung Galaxy M17 5G medium,6,https://ik.imagekit.io/0iaahkrcv/ecommerce/samsung/All%20Samsung%20Smartphones%20-%20Price%20in%20Kenya/Samsung-Galaxy-M17-5G-medium%20(1).webp?updatedAt=1786489079582,MEDIUM,NO
C01::Samsung::samsung-galaxy-m17e-medium,Smartphones,Samsung,Samsung Galaxy M17e medium,6,https://ik.imagekit.io/0iaahkrcv/ecommerce/samsung/All%20Samsung%20Smartphones%20-%20Price%20in%20Kenya/Samsung-Galaxy-M17e-medium%20(1).webp?updatedAt=1786489080052,MEDIUM,NO
C01::Samsung::samsung-galaxy-z-fold8-c-medium,Smartphones,Samsung,Samsung Galaxy Z Fold8 c medium,6,https://ik.imagekit.io/0iaahkrcv/ecommerce/samsung/All%20Samsung%20Smartphones%20-%20Price%20in%20Kenya/Samsung-Galaxy-Z-Fold8-c-medium%20(1).webp?updatedAt=1786489080800,MEDIUM,NO
C01::Samsung::samsung-galaxy-z-fold8-ultra-medium,Smartphones,Samsung,Samsung Galaxy Z Fold8 Ultra medium,6,https://ik.imagekit.io/0iaahkrcv/ecommerce/samsung/All%20Samsung%20Smartphones%20-%20Price%20in%20Kenya/Samsung-Galaxy-Z-Fold8-Ultra-medium%20(1).webp?updatedAt=1786489080786,MEDIUM,NO
NO-CAT::Xiaomi::redmi-a7-pro,,Xiaomi,redmi a7 pro,6,https://ik.imagekit.io/0iaahkrcv/gadgets/redmi-a7-pro%20(2).png?updatedAt=1786555410933,LOW,YES
C01::itel::blackview-original,Smartphones,itel,Blackview original,6,https://ik.imagekit.io/0iaahkrcv/itel/Blackview-original%20(1).webp?updatedAt=1786520813257,HIGH,NO
C01::itel::hmd-original,Smartphones,itel,hmd original,6,https://ik.imagekit.io/0iaahkrcv/itel/hmd-original%20(1).webp?updatedAt=1786520813563,HIGH,NO
C01::itel::itel-a05s-a-medium,Smartphones,itel,Itel A05s a medium,6,https://ik.imagekit.io/0iaahkrcv/itel/Itel-A05s-a-medium%20(1).webp?updatedAt=1786520835264,HIGH,NO
C01::itel::itel-a06-a-medium,Smartphones,itel,Itel A06 a medium,6,https://ik.imagekit.io/0iaahkrcv/itel/Itel-A06-a-medium%20(1).webp?updatedAt=1786520837881,HIGH,NO
C01::itel::itel-a100-a-medium,Smartphones,itel,Itel A100 a medium,6,https://ik.imagekit.io/0iaahkrcv/itel/Itel-A100-a-medium%20(1).webp?updatedAt=1786520839845,HIGH,NO
C01::itel::itel-a100-pro-medium,Smartphones,itel,Itel A100 Pro medium,6,https://ik.imagekit.io/0iaahkrcv/itel/Itel-A100-Pro-medium%20(1).webp?updatedAt=1786520839843,HIGH,NO
C01::itel::itel-a100c-a-medium,Smartphones,itel,Itel A100C a medium,6,https://ik.imagekit.io/0iaahkrcv/itel/Itel-A100C-a-medium%20(1).webp?updatedAt=1786520839888,HIGH,NO
C01::itel::itel-a100cs-a-medium,Smartphones,itel,itel A100Cs a medium,6,https://ik.imagekit.io/0iaahkrcv/itel/itel-A100Cs-a-medium%20(1).webp?updatedAt=1786520840007,HIGH,NO
C01::itel::itel-a18-medium,Smartphones,itel,Itel A18 medium,6,https://ik.imagekit.io/0iaahkrcv/itel/Itel-A18-medium%20(1).webp?updatedAt=1786520839918,HIGH,NO
C01::itel::itel-a18s-a-medium,Smartphones,itel,Itel A18s a medium,6,https://ik.imagekit.io/0iaahkrcv/itel/Itel-A18s-a-medium%20(1).webp?updatedAt=1786520839809,HIGH,NO
C01::itel::itel-a200-2b-c-medium,Smartphones,itel,Itel A200 2B c medium,6,https://ik.imagekit.io/0iaahkrcv/itel/Itel-A200_2B-c-medium%20(1).webp?updatedAt=1786520839862,HIGH,NO
C01::itel::itel-a200-a-medium,Smartphones,itel,Itel A200 a medium,6,https://ik.imagekit.io/0iaahkrcv/itel/Itel-A200-a-medium%20(1).webp?updatedAt=1786520839986,HIGH,NO
C01::itel::itel-a50-c-medium,Smartphones,itel,Itel A50 c medium,6,https://ik.imagekit.io/0iaahkrcv/itel/Itel-A50-c-medium%20(1).webp?updatedAt=1786520839898,HIGH,NO
C01::itel::itel-a50c-medium,Smartphones,itel,Itel A50C medium,6,https://ik.imagekit.io/0iaahkrcv/itel/Itel-A50C-medium%20(1).webp?updatedAt=1786520840082,HIGH,NO
C01::itel::itel-a60s-a-medium,Smartphones,itel,Itel A60s a medium,6,https://ik.imagekit.io/0iaahkrcv/itel/Itel-A60s-a-medium%20(1).webp?updatedAt=1786520840065,HIGH,NO
C01::itel::itel-a70-c-medium,Smartphones,itel,Itel A70 c medium,6,https://ik.imagekit.io/0iaahkrcv/itel/Itel-A70-c-medium%20(1).webp?updatedAt=1786520839937,HIGH,NO
C01::itel::itel-a80-medium,Smartphones,itel,Itel A80 medium,6,https://ik.imagekit.io/0iaahkrcv/itel/Itel-A80-medium%20(1).webp?updatedAt=1786520840101,HIGH,NO
C01::itel::itel-a90-a-medium,Smartphones,itel,Itel A90 a medium,6,https://ik.imagekit.io/0iaahkrcv/itel/Itel-A90-a-medium%20(1).webp?updatedAt=1786520840076,HIGH,NO
C01::itel::itel-a95-medium,Smartphones,itel,Itel A95 medium,6,https://ik.imagekit.io/0iaahkrcv/itel/Itel-A95-medium%20(1).webp?updatedAt=1786520844334,HIGH,NO
C01::itel::itel-city-200-a-medium,Smartphones,itel,Itel City 200 a medium,6,https://ik.imagekit.io/0iaahkrcv/itel/Itel-City-200-a-medium%20(1).webp?updatedAt=1786520893250,HIGH,NO
C01::itel::itel-city-200s-b-medium,Smartphones,itel,Itel city 200s b medium,6,https://ik.imagekit.io/0iaahkrcv/itel/Itel-city-200s-b-medium%20(1).webp?updatedAt=1786520898809,HIGH,NO
C01::itel::itel-p40-c-medium,Smartphones,itel,Itel P40 c medium,6,https://ik.imagekit.io/0iaahkrcv/itel/Itel-P40-c-medium%20(1).webp?updatedAt=1786520898146,HIGH,NO
C01::itel::itel-p55-a-medium,Smartphones,itel,Itel P55 a medium,6,https://ik.imagekit.io/0iaahkrcv/itel/Itel-P55-a-medium%20(1).webp?updatedAt=1786520905739,HIGH,NO
C01::itel::itel-p65-a-medium,Smartphones,itel,Itel P65 a medium,6,https://ik.imagekit.io/0iaahkrcv/itel/Itel-P65-a-medium%20(1).webp?updatedAt=1786520906347,HIGH,NO
C01::itel::itel-power-80-b-medium,Smartphones,itel,Itel Power 80 b medium,6,https://ik.imagekit.io/0iaahkrcv/itel/Itel-Power-80-b-medium%20(1).webp?updatedAt=1786520903960,HIGH,NO
C01::itel::itel-rs4-b-medium,Smartphones,itel,Itel RS4 b medium,6,https://ik.imagekit.io/0iaahkrcv/itel/Itel-RS4-b-medium%20(1).webp?updatedAt=1786520908985,HIGH,NO
C01::itel::itel-s25-b-medium,Smartphones,itel,Itel S25 b medium,6,https://ik.imagekit.io/0iaahkrcv/itel/Itel-S25-b-medium%20(1).webp?updatedAt=1786520906676,HIGH,NO
C01::itel::itel-s25-ultra-medium,Smartphones,itel,Itel S25 Ultra medium,6,https://ik.imagekit.io/0iaahkrcv/itel/Itel-S25-Ultra-medium%20(1).webp?updatedAt=1786520907144,HIGH,NO
C01::itel::itel-super-26-ultra-a-medium,Smartphones,itel,Itel Super 26 Ultra a medium,6,https://ik.imagekit.io/0iaahkrcv/itel/Itel-Super-26-Ultra-a-medium%20(1).webp?updatedAt=1786520898203,HIGH,NO
C01::itel::itel-super-26-ultra-medium,Smartphones,itel,Itel Super 26 Ultra medium,6,https://ik.imagekit.io/0iaahkrcv/itel/Itel-Super-26-Ultra-medium%20(1).webp?updatedAt=1786520894566,HIGH,NO
C01::itel::itel-zeno-20-max-medium,Smartphones,itel,Itel Zeno 20 Max medium,6,https://ik.imagekit.io/0iaahkrcv/itel/Itel-Zeno-20-Max-medium%20(1).webp?updatedAt=1786520912285,HIGH,NO
C01::itel::itel-zeno-20-medium,Smartphones,itel,Itel Zeno 20 medium,6,https://ik.imagekit.io/0iaahkrcv/itel/Itel-Zeno-20-medium%20(1).webp?updatedAt=1786520913222,HIGH,NO
C01::itel::nothing-original,Smartphones,itel,nothing original,6,https://ik.imagekit.io/0iaahkrcv/itel/nothing-original%20(1).webp?updatedAt=1786520916252,HIGH,NO
C01::itel::philips-original,Smartphones,itel,Philips original,6,https://ik.imagekit.io/0iaahkrcv/itel/Philips-original%20(1).webp?updatedAt=1786520935030,HIGH,NO
C01::itel::zte-original,Smartphones,itel,ZTE original,6,https://ik.imagekit.io/0iaahkrcv/itel/ZTE-original%20(1).webp?updatedAt=1786520936072,HIGH,NO
C01::OPPO::oppo-a18-b-medium,Smartphones,OPPO,Oppo A18 b medium,6,https://ik.imagekit.io/0iaahkrcv/Oppo3/Oppo-A18-b-medium%20(1).webp?updatedAt=1786555858572,HIGH,NO
C01::OPPO::oppok10b-medium,Smartphones,OPPO,oppok10b medium,6,https://ik.imagekit.io/0iaahkrcv/Oppo5/oppok10b-medium%20(1).webp?updatedAt=1786556098704,HIGH,NO
C06::Hisense::hisense-43a4kken-medium,TVs,Hisense,Hisense 43A4KKEN medium,6,https://ik.imagekit.io/0iaahkrcv/tvs/Hisense-43A4KKEN-medium%20(1).webp?updatedAt=1786520430345,HIGH,NO
C06::Hisense::hisense-43a6n-tv-medium,TVs,Hisense,Hisense 43A6N TV medium,6,https://ik.imagekit.io/0iaahkrcv/tvs/Hisense-43A6N-TV-medium%20(1).webp?updatedAt=1786520430325,HIGH,NO
C06::Hisense::hisense-55a6k-tv-medium,TVs,Hisense,Hisense 55A6K TV medium,6,https://ik.imagekit.io/0iaahkrcv/tvs/Hisense-55A6K-TV-medium%20(1).webp?updatedAt=1786520430587,HIGH,NO
C06::LG::lg-32lj520-32-inch-hd-lcd-wv4q5kiep0-medium,TVs,LG,lg 32lj520 32 inch hd lcd WV4q5KIEp0 medium,6,https://ik.imagekit.io/0iaahkrcv/tvs/lg-32lj520-32-inch-hd-lcd-WV4q5KIEp0-medium%20(1).webp?updatedAt=1786520463211,HIGH,NO
C06::LG::lg-32lj570u-32-inch-full-hd-smart-npfu9azfgn-medium,TVs,LG,lg 32lj570u 32 inch full hd smart Npfu9AzFGN medium,6,https://ik.imagekit.io/0iaahkrcv/tvs/lg-32lj570u-32-inch-full-hd-smart-Npfu9AzFGN-medium%20(1).webp?updatedAt=1786520463234,HIGH,NO
C06::LG::lg-43uq7500-tv-medium,TVs,LG,LG 43UQ7500 TV medium,6,https://ik.imagekit.io/0iaahkrcv/tvs/LG-43UQ7500-TV-medium%20(1).webp?updatedAt=1786520464159,HIGH,NO
C06::LG::lg-55nano84-tv-medium,TVs,LG,LG 55Nano84 TV medium,6,https://ik.imagekit.io/0iaahkrcv/tvs/LG-55Nano84-TV-medium%20(1).webp?updatedAt=1786520464224,HIGH,NO
C06::LG::lg-55uq7500-tv-medium,TVs,LG,LG 55UQ7500 TV medium,6,https://ik.imagekit.io/0iaahkrcv/tvs/LG-55UQ7500-TV-medium%20(1).webp?updatedAt=1786520464362,HIGH,NO
C06::LG::lg-65ur78-medium,TVs,LG,LG 65UR78 medium,6,https://ik.imagekit.io/0iaahkrcv/tvs/LG-65UR78-medium%20(1).webp?updatedAt=1786520465109,HIGH,NO
C06::Samsung::samsung-100qn80f-medium,TVs,Samsung,Samsung 100QN80F medium,6,https://ik.imagekit.io/0iaahkrcv/tvs/Samsung-100QN80F-medium%20(1).webp?updatedAt=1786520493691,HIGH,NO
C06::Samsung::samsung-32h5000f-medium,TVs,Samsung,Samsung 32H5000F medium,6,https://ik.imagekit.io/0iaahkrcv/tvs/Samsung-32H5000F-medium%20(1).webp?updatedAt=1786520493765,HIGH,NO
C06::Samsung::samsung-43du7000-medium,TVs,Samsung,Samsung 43DU7000 medium,6,https://ik.imagekit.io/0iaahkrcv/tvs/Samsung-43DU7000-medium%20(1).webp?updatedAt=1786520493774,HIGH,NO
C06::Samsung::samsung-43f6000f-medium,TVs,Samsung,Samsung 43F6000F medium,6,https://ik.imagekit.io/0iaahkrcv/tvs/Samsung-43F6000F-medium%20(1).webp?updatedAt=1786520494032,HIGH,NO
C06::Samsung::samsung-49k5100bk-49-inch-full-hd-7raemz9siz-medium,TVs,Samsung,samsung 49k5100bk 49 inch full hd 7RAemz9siZ medium,6,https://ik.imagekit.io/0iaahkrcv/tvs/samsung-49k5100bk-49-inch-full-hd-7RAemz9siZ-medium%20(1).webp?updatedAt=1786520493936,HIGH,NO
C06::Samsung::samsung-49k5300-49-inch-full-hd-smart-zsfdvwhox5-medium,TVs,Samsung,samsung 49k5300 49 inch full hd smart zSFDvWhox5 medium,6,https://ik.imagekit.io/0iaahkrcv/tvs/samsung-49k5300-49-inch-full-hd-smart-zSFDvWhox5-medium%20(1).webp?updatedAt=1786520493812,HIGH,NO
C06::Samsung::samsung-49k6500k-49-inch-curved-full-hd-smart-gg3pwljem6-medium,TVs,Samsung,samsung 49k6500k 49 inch curved full hd smart GG3pwlJEM6 medium,6,https://ik.imagekit.io/0iaahkrcv/tvs/samsung-49k6500k-49-inch-curved-full-hd-smart-GG3pwlJEM6-medium%20(1).webp?updatedAt=1786520493927,HIGH,NO
C06::Samsung::samsung-49ku7350-49-inch-curved-4k-ultra-hd-smart-qw5dwfj6bf-medium,TVs,Samsung,samsung 49ku7350 49 inch curved 4k ultra hd smart Qw5DWFJ6BF medium,6,https://ik.imagekit.io/0iaahkrcv/tvs/samsung-49ku7350-49-inch-curved-4k-ultra-hd-smart-Qw5DWFJ6BF-medium%20(1).webp?updatedAt=1786520502128,HIGH,NO
C06::Samsung::samsung-50cu7000-tv-medium,TVs,Samsung,Samsung 50CU7000 TV medium,6,https://ik.imagekit.io/0iaahkrcv/tvs/Samsung-50CU7000-TV-medium%20(1).webp?updatedAt=1786520514818,HIGH,NO
C06::Samsung::samsung-55cu8000-tv-medium,TVs,Samsung,Samsung 55CU8000 TV medium,6,https://ik.imagekit.io/0iaahkrcv/tvs/Samsung-55CU8000-TV-medium%20(1).webp?updatedAt=1786520516505,HIGH,NO
C06::Samsung::samsung-55k6000-55-inch-full-hd-smart-l7llwkqgqr-medium,TVs,Samsung,samsung 55k6000 55 inch full hd smart L7llWKQgqr medium,6,https://ik.imagekit.io/0iaahkrcv/tvs/samsung-55k6000-55-inch-full-hd-smart-L7llWKQgqr-medium%20(1).webp?updatedAt=1786520517747,HIGH,NO
C06::Samsung::samsung-55k6500-55-inch-curved-full-hd-smart-frpuusrbdh-medium,TVs,Samsung,samsung 55k6500 55 inch curved full hd smart frpuuSrbdh medium,6,https://ik.imagekit.io/0iaahkrcv/tvs/samsung-55k6500-55-inch-curved-full-hd-smart-frpuuSrbdh-medium%20(1).webp?updatedAt=1786520518274,HIGH,NO
C06::Samsung::samsung-55ku7000-55-inch-4k-ultra-hd-smart-uuyr72rek8-medium,TVs,Samsung,samsung 55ku7000 55 inch 4k ultra hd smart UuYr72rek8 medium,6,https://ik.imagekit.io/0iaahkrcv/tvs/samsung-55ku7000-55-inch-4k-ultra-hd-smart-UuYr72rek8-medium%20(1).webp?updatedAt=1786520517895,HIGH,NO
C06::Samsung::samsung-55ku7350-55-inch-curved-4k-ultra-hd-smart-netewfxmid-medium,TVs,Samsung,samsung 55ku7350 55 inch curved 4k ultra hd smart neTewFxMId medium,6,https://ik.imagekit.io/0iaahkrcv/tvs/samsung-55ku7350-55-inch-curved-4k-ultra-hd-smart-neTewFxMId-medium%20(1).webp?updatedAt=1786520517923,HIGH,NO
C06::Samsung::samsung-55m80h-medium,TVs,Samsung,Samsung 55M80H medium,6,https://ik.imagekit.io/0iaahkrcv/tvs/Samsung-55M80H-medium%20(1).webp?updatedAt=1786520517814,HIGH,NO
C06::Samsung::samsung-55mu7350-55-inch-curved-4k-ultra-hd-smart-4t91hrvgq8-medium,TVs,Samsung,samsung 55mu7350 55 inch curved 4k ultra hd smart 4t91HRvgq8 medium,6,https://ik.imagekit.io/0iaahkrcv/tvs/samsung-55mu7350-55-inch-curved-4k-ultra-hd-smart-4t91HRvgq8-medium%20(1).webp?updatedAt=1786520518005,HIGH,NO
C06::Samsung::samsung-55qn85f-medium,TVs,Samsung,Samsung 55QN85F medium,6,https://ik.imagekit.io/0iaahkrcv/tvs/Samsung-55QN85F-medium%20(1).webp?updatedAt=1786520518279,HIGH,NO
C06::Samsung::samsung-55s85f-medium,TVs,Samsung,Samsung 55S85F medium,6,https://ik.imagekit.io/0iaahkrcv/tvs/Samsung-55S85F-medium%20(1).webp?updatedAt=1786520517986,HIGH,NO
C06::Samsung::samsung-55s90cau-tv-medium,TVs,Samsung,Samsung 55S90CAU TV medium,6,https://ik.imagekit.io/0iaahkrcv/tvs/Samsung-55S90CAU-TV-medium%20(1).webp?updatedAt=1786520517881,HIGH,NO
C06::Samsung::samsung-55tu8300-55-inch-curved-4k-smart-pstgz4wdda-medium,TVs,Samsung,samsung 55tu8300 55 inch curved 4k smart PSTGZ4wDDa medium,6,https://ik.imagekit.io/0iaahkrcv/tvs/samsung-55tu8300-55-inch-curved-4k-smart-PSTGZ4wDDa-medium%20(1).webp?updatedAt=1786520517944,HIGH,NO
C06::Samsung::samsung-qa55q60cau-tv-medium,TVs,Samsung,Samsung QA55Q60CAU TV medium,6,https://ik.imagekit.io/0iaahkrcv/tvs/Samsung-QA55Q60CAU-TV-medium%20(1).webp?updatedAt=1786520543781,HIGH,NO
C06::Samsung::samsung-qa55q80cau-tv-a-medium,TVs,Samsung,Samsung QA55Q80CAU TV a medium,6,https://ik.imagekit.io/0iaahkrcv/tvs/Samsung-QA55Q80CAU-TV-a-medium%20(1).webp?updatedAt=1786520543992,HIGH,NO
C06::Sony::sony-k-75s20m2-bravia-2-ii-medium,TVs,Sony,Sony K 75S20M2 Bravia 2 II medium,6,https://ik.imagekit.io/0iaahkrcv/tvs/Sony-K-75S20M2-Bravia-2-II-medium%20(1).webp?updatedAt=1786520569887,HIGH,NO
C06::Sony::sony-k-85s30-tv-b-medium,TVs,Sony,Sony K 85S30 TV b medium,6,https://ik.imagekit.io/0iaahkrcv/tvs/Sony-K-85S30-TV-b-medium%20(1).webp?updatedAt=1786520569931,HIGH,NO
C06::Sony::sony-xr-75x90l-tv-medium,TVs,Sony,Sony XR 75X90L TV medium,6,https://ik.imagekit.io/0iaahkrcv/tvs/Sony-XR-75X90L-TV-medium%20(1).webp?updatedAt=1786520570387,HIGH,NO
C06::Xiaomi::xiaomi-mi-tv-4a-32-inch-hd-smart-gkqe8bhinb-medium,TVs,Xiaomi,xiaomi mi tv 4a 32 inch hd smart gkQe8BhINB medium,6,https://ik.imagekit.io/0iaahkrcv/tvs/xiaomi-mi-tv-4a-32-inch-hd-smart-gkQe8BhINB-medium%20(1).webp?updatedAt=1786520589457,HIGH,NO
C08::Anker Soundcore::anker-soundcore-boom-2-medium,Audio,Anker Soundcore,Anker Soundcore Boom 2 medium,5,https://ik.imagekit.io/0iaahkrcv/Bts/Anker-Soundcore-Boom-2-medium%20(2).webp?updatedAt=1786521043883,MEDIUM,NO
C08::Anker Soundcore::anker-soundcore-boom-2-se-medium,Audio,Anker Soundcore,Anker Soundcore Boom 2 SE medium,5,https://ik.imagekit.io/0iaahkrcv/Bts/Anker-Soundcore-Boom-2-SE-medium%20(2).webp?updatedAt=1786521049658,MEDIUM,NO
C08::Anker Soundcore::anker-soundcore-flare-2-medium,Audio,Anker Soundcore,Anker Soundcore Flare 2 medium,5,https://ik.imagekit.io/0iaahkrcv/Bts/Anker-Soundcore-Flare-2-medium%20(2).webp?updatedAt=1786521044067,MEDIUM,NO
C08::Anker Soundcore::anker-soundcore-motion-x600-a-medium,Audio,Anker Soundcore,Anker Soundcore Motion X600 a medium,5,https://ik.imagekit.io/0iaahkrcv/Bts/Anker-Soundcore-Motion-X600-a-medium%20(2).webp?updatedAt=1786521046773,MEDIUM,NO
C08::Bose::bose-soundlink-colour-e-medium,Audio,Bose,Bose Soundlink Colour e medium,5,https://ik.imagekit.io/0iaahkrcv/Bts/Bose-Soundlink-Colour-e-medium%20(2).webp?updatedAt=1786521046700,MEDIUM,NO
C08::Bose::bose-soundlink-flex-b-medium,Audio,Bose,Bose Soundlink Flex b medium,5,https://ik.imagekit.io/0iaahkrcv/Bts/Bose-Soundlink-Flex-b-medium%20(2).webp?updatedAt=1786521048395,MEDIUM,NO
C08::Bose::bose-soundlink-revolve-ii-c-medium,Audio,Bose,Bose Soundlink Revolve II c medium,5,https://ik.imagekit.io/0iaahkrcv/Bts/Bose-Soundlink-Revolve-II-c-medium%20(2).webp?updatedAt=1786521047767,MEDIUM,NO
C08::Harman Kardon::harman-kardon-aura-studio-4-f-medium,Audio,Harman Kardon,Harman Kardon Aura Studio 4 f medium,5,https://ik.imagekit.io/0iaahkrcv/Bts/Harman-Kardon-Aura-Studio-4-f-medium%20(2).webp?updatedAt=1786521049666,MEDIUM,NO
C08::Harman Kardon::harman-kardon-go-2b-play-3-medium,Audio,Harman Kardon,Harman Kardon Go 2B Play 3 medium,5,https://ik.imagekit.io/0iaahkrcv/Bts/Harman-Kardon-Go-_2B-Play-3-medium%20(2).webp?updatedAt=1786521088786,MEDIUM,NO
C08::Harman Kardon::harman-kardon-onyx-studio-9-g-medium,Audio,Harman Kardon,Harman Kardon Onyx Studio 9 g medium,5,https://ik.imagekit.io/0iaahkrcv/Bts/Harman-Kardon-Onyx-Studio-9-g-medium%20(2).webp?updatedAt=1786521087472,MEDIUM,NO
C08::JBL::jbl-charge-6-e-medium,Audio,JBL,JBL Charge 6 e medium,5,https://ik.imagekit.io/0iaahkrcv/Bts/JBL-Charge-6-e-medium%20(2).webp?updatedAt=1786521088761,MEDIUM,NO
C08::JBL::jbl-clip-5-j-medium,Audio,JBL,JBL Clip 5 j medium,5,https://ik.imagekit.io/0iaahkrcv/Bts/JBL-Clip-5-j-medium%20(2).webp?updatedAt=1786521089510,MEDIUM,NO
C08::JBL::jbl-go-4-d-medium,Audio,JBL,JBL GO 4 d medium,5,https://ik.imagekit.io/0iaahkrcv/Bts/JBL-GO-4-d-medium%20(2).webp?updatedAt=1786521090065,MEDIUM,NO
C08::JBL::jbl-partybox-club-120-medium,Audio,JBL,JBL PartyBox Club 120 medium,5,https://ik.imagekit.io/0iaahkrcv/Bts/JBL-PartyBox-Club-120-medium%20(2).webp?updatedAt=1786521091297,MEDIUM,NO
C08::JBL::jbl-partybox-stage-320-medium,Audio,JBL,JBL PartyBox Stage 320 medium,5,https://ik.imagekit.io/0iaahkrcv/Bts/JBL-PartyBox-Stage-320-medium%20(2).webp?updatedAt=1786521091312,MEDIUM,NO
C08::JBL::jbl-pulse-5-c-medium,Audio,JBL,JBL Pulse 5 c medium,5,https://ik.imagekit.io/0iaahkrcv/Bts/JBL-Pulse-5-c-medium%20(2).webp?updatedAt=1786521091285,MEDIUM,NO
C08::JBL::jbl-xtreme-4-j-medium,Audio,JBL,JBL Xtreme 4 j medium,5,https://ik.imagekit.io/0iaahkrcv/Bts/JBL-Xtreme-4-j-medium%20(2).webp?updatedAt=1786521092335,MEDIUM,NO
C08::JBL::jblboombox3h-medium,Audio,JBL,JBLBoombox3h medium,5,https://ik.imagekit.io/0iaahkrcv/Bts/JBLBoombox3h-medium%20(2).webp?updatedAt=1786521094300,MEDIUM,NO
C08::Sony::sonysrs-xp500c-medium,Audio,Sony,SonySRS XP500c medium,5,https://ik.imagekit.io/0iaahkrcv/Bts/SonySRS-XP500c-medium%20(2).webp?updatedAt=1786521122842,MEDIUM,NO
C08::Sony::sonysrs-xp700a-medium,Audio,Sony,SonySRS XP700a medium,5,https://ik.imagekit.io/0iaahkrcv/Bts/SonySRS-XP700a-medium%20(2).webp?updatedAt=1786521123454,MEDIUM,NO
C01::Samsung::samsung-galaxy-s24-ultra-d-medium,Smartphones,Samsung,Samsung Galaxy S24 Ultra d medium,5,https://ik.imagekit.io/0iaahkrcv/ecommerce/samsung/All%20Samsung%20Smartphones%20-%20Price%20in%20Kenya%20(3)/Samsung-Galaxy-S24-Ultra-d-medium%20(1).webp?updatedAt=1786488896417,MEDIUM,NO
C01::Samsung::samsung-galaxy-z-fold-6-b-medium,Smartphones,Samsung,Samsung Galaxy Z Fold 6 b medium,5,https://ik.imagekit.io/0iaahkrcv/ecommerce/samsung/All%20Samsung%20Smartphones%20-%20Price%20in%20Kenya%20(5)/Samsung-Galaxy-Z-Fold-6-b-medium%20(1).webp?updatedAt=1786488764737,MEDIUM,NO
C01::OPPO::oppo-a5-4g-a-medium,Smartphones,OPPO,Oppo A5 4G a medium,5,https://ik.imagekit.io/0iaahkrcv/Oppo/Oppo-A5-4G-a-medium%20(1).webp?updatedAt=1786555510218,HIGH,NO
C01::OPPO::oppo-a5-5g-medium,Smartphones,OPPO,Oppo A5 5G medium,5,https://ik.imagekit.io/0iaahkrcv/Oppo/Oppo-A5-5G-medium%20(1).webp?updatedAt=1786555510932,HIGH,NO
C01::OPPO::oppo-a6-4g-medium,Smartphones,OPPO,Oppo A6 4G medium,5,https://ik.imagekit.io/0iaahkrcv/Oppo/Oppo-A6-4G-medium%20(1).webp?updatedAt=1786555511028,HIGH,NO
C01::OPPO::oppo-a6-pro-5g-k-medium,Smartphones,OPPO,oppo a6 pro 5g k medium,5,https://ik.imagekit.io/0iaahkrcv/Oppo/oppo-a6-pro-5g-k-medium%20(1).webp?updatedAt=1786555510563,HIGH,NO
C01::OPPO::oppo-f31-medium,Smartphones,OPPO,Oppo F31 medium,5,https://ik.imagekit.io/0iaahkrcv/Oppo/Oppo-F31-medium%20(1).webp?updatedAt=1786555511273,HIGH,NO
C01::OPPO::oppo-f31-pro-medium,Smartphones,OPPO,Oppo F31 Pro medium,5,https://ik.imagekit.io/0iaahkrcv/Oppo/Oppo-F31-Pro-medium%20(1).webp?updatedAt=1786555511011,HIGH,NO
C01::OPPO::oppo-f33-medium,Smartphones,OPPO,Oppo F33 medium,5,https://ik.imagekit.io/0iaahkrcv/Oppo/Oppo-F33-medium%20(1).webp?updatedAt=1786555510769,HIGH,NO
C01::OPPO::oppo-f33-pro-a-medium,Smartphones,OPPO,Oppo F33 Pro a medium,5,https://ik.imagekit.io/0iaahkrcv/Oppo/Oppo-F33-Pro-a-medium%20(1).webp?updatedAt=1786555511077,HIGH,NO
C01::OPPO::oppo-find-n6-medium,Smartphones,OPPO,Oppo Find N6 medium,5,https://ik.imagekit.io/0iaahkrcv/Oppo/Oppo-Find-N6-medium%20(1).webp?updatedAt=1786555511059,HIGH,NO
C01::OPPO::oppo-find-x9-medium,Smartphones,OPPO,Oppo Find X9 medium,5,https://ik.imagekit.io/0iaahkrcv/Oppo/Oppo-Find-X9-medium%20(1).webp?updatedAt=1786555510747,HIGH,NO
C01::OPPO::oppo-find-x9-pro-medium,Smartphones,OPPO,Oppo Find X9 Pro medium,5,https://ik.imagekit.io/0iaahkrcv/Oppo/Oppo-Find-X9-Pro-medium%20(1).webp?updatedAt=1786555510591,HIGH,NO
C01::OPPO::oppo-find-x9s-a-medium,Smartphones,OPPO,Oppo Find X9s a medium,5,https://ik.imagekit.io/0iaahkrcv/Oppo/Oppo-Find-X9s-a-medium%20(1).webp?updatedAt=1786555510503,HIGH,NO
C01::OPPO::oppo-find-x9s-pro-medium,Smartphones,OPPO,Oppo Find X9s Pro medium,5,https://ik.imagekit.io/0iaahkrcv/Oppo/Oppo-Find-X9s-Pro-medium%20(1).webp?updatedAt=1786555511170,HIGH,NO
C01::OPPO::oppo-k15-pro-medium,Smartphones,OPPO,Oppo K15 Pro medium,5,https://ik.imagekit.io/0iaahkrcv/Oppo/Oppo-K15-Pro-medium%20(1).webp?updatedAt=1786555510773,HIGH,NO
C01::OPPO::oppo-reno-15-c-medium,Smartphones,OPPO,Oppo Reno 15 c medium,5,https://ik.imagekit.io/0iaahkrcv/Oppo/Oppo-Reno-15-c-medium%20(1).webp?updatedAt=1786555510806,HIGH,NO
C01::OPPO::oppo-reno-15-pro-a-medium,Smartphones,OPPO,Oppo Reno 15 Pro a medium,5,https://ik.imagekit.io/0iaahkrcv/Oppo/Oppo-Reno-15-Pro-a-medium%20(1).webp?updatedAt=1786555510838,HIGH,NO
C01::OPPO::oppo-reno-15f-a-medium,Smartphones,OPPO,Oppo Reno 15F a medium,5,https://ik.imagekit.io/0iaahkrcv/Oppo/Oppo-Reno-15F-a-medium%20(1).webp?updatedAt=1786555510584,HIGH,NO
C01::OPPO::oppo-reno-16f-a-medium,Smartphones,OPPO,Oppo Reno 16F a medium,5,https://ik.imagekit.io/0iaahkrcv/Oppo/Oppo-Reno-16F-a-medium%20(1).webp?updatedAt=1786555510984,HIGH,NO
C01::OPPO::oppo-reno15-fs-medium,Smartphones,OPPO,Oppo Reno15 FS medium,5,https://ik.imagekit.io/0iaahkrcv/Oppo/Oppo-Reno15-FS-medium%20(1).webp?updatedAt=1786555510659,HIGH,NO
C01::OPPO::oppo-a38-medium,Smartphones,OPPO,Oppo A38 medium,5,https://ik.imagekit.io/0iaahkrcv/Oppo3/Oppo-A38-medium%20(1).webp?updatedAt=1786555858182,HIGH,NO
NO-CAT::Samsung::galaxym145gb-medium,,Samsung,galaxym145gb medium,4,https://ik.imagekit.io/0iaahkrcv/ecommerce/samsung/All%20Samsung%20Smartphones%20-%20Price%20in%20Kenya%20(5)/galaxym145gb-medium.webp?updatedAt=1786488761280,LOW,YES
C01::Samsung::samsung-galaxy-a05s-a-medium,Smartphones,Samsung,Samsung Galaxy A05s a medium,4,https://ik.imagekit.io/0iaahkrcv/ecommerce/samsung/All%20Samsung%20Smartphones%20-%20Price%20in%20Kenya%20(5)/Samsung-Galaxy-A05s-a-medium.webp?updatedAt=1786488761319,MEDIUM,NO
C01::OPPO::oppo-a3-4g-c-medium,Smartphones,OPPO,Oppo A3 4G c medium,4,https://ik.imagekit.io/0iaahkrcv/Oppo/Oppo-A3-4G-c-medium.webp?updatedAt=1786555509947,HIGH,NO
C01::OPPO::oppo-a6-pro-4g-b-medium,Smartphones,OPPO,Oppo A6 Pro 4G b medium,4,https://ik.imagekit.io/0iaahkrcv/Oppo/Oppo-A6-Pro-4G-b-medium.webp?updatedAt=1786555510643,HIGH,NO
C01::OPPO::oppo-find-x9-ultra-a-medium,Smartphones,OPPO,Oppo Find X9 Ultra a medium,4,https://ik.imagekit.io/0iaahkrcv/Oppo/Oppo-Find-X9-Ultra-a-medium.webp?updatedAt=1786555510729,HIGH,NO
C01::OPPO::oppo-reno-12f-5g-b-medium,Smartphones,OPPO,Oppo Reno 12F 5G b medium,4,https://ik.imagekit.io/0iaahkrcv/Oppo/Oppo-Reno-12F-5G-b-medium.webp?updatedAt=1786555510786,HIGH,NO
C01::OPPO::oppo-reno-16c-medium,Smartphones,OPPO,Oppo Reno 16c medium,4,https://ik.imagekit.io/0iaahkrcv/Oppo/Oppo-Reno-16c-medium.webp?updatedAt=1786555510899,HIGH,NO
C01::OPPO::oppo-reno16-b-medium,Smartphones,OPPO,Oppo Reno16 b medium,4,https://ik.imagekit.io/0iaahkrcv/Oppo/Oppo-Reno16-b-medium.webp?updatedAt=1786555510822,HIGH,NO
C01::OPPO::oppo-reno16-fs-medium,Smartphones,OPPO,Oppo Reno16 FS medium,4,https://ik.imagekit.io/0iaahkrcv/Oppo/Oppo-Reno16-FS-medium.webp?updatedAt=1786555511297,HIGH,NO
C01::OPPO::oppo-reno16-pro-medium,Smartphones,OPPO,Oppo Reno16 Pro medium,4,https://ik.imagekit.io/0iaahkrcv/Oppo/Oppo-Reno16-Pro-medium.webp?updatedAt=1786555510971,HIGH,NO